country_region,country_region_code,sub_region_1,sub_region_1_code,sub_region_2,sub_region_2_code,sub_region_3,sub_region_3_code,place_id
Canada,CA,Alberta,CA-AB,,,postal_code,T0A,ChIJOUISuAyYplMR8FPDsrnwoJk
Canada,CA,Alberta,CA-AB,,,postal_code,T0B,ChIJL5qHQcxGClMRc074NhVbRh0
Canada,CA,Alberta,CA-AB,,,postal_code,T0C,ChIJfaK732wpC1MRARtQ5325kBU
Canada,CA,Alberta,CA-AB,,,postal_code,T0E,ChIJYxi_NIlpnFMRL2BqNU59jAE
Canada,CA,Alberta,CA-AB,,,postal_code,T0G,ChIJrcMPHwffvFMRyU1SMctaRtg
Canada,CA,Alberta,CA-AB,,,postal_code,T0H,ChIJ93EKPpRzkVMRGZKt3VFeOkc
Canada,CA,Alberta,CA-AB,,,postal_code,T0J,ChIJm8TEl62XclMRHc6r3X5l4wY
Canada,CA,Alberta,CA-AB,,,postal_code,T0K,ChIJsTIIv4klbFMRXyeKMQQCStI
Canada,CA,Alberta,CA-AB,,,postal_code,T0L,ChIJoW-NKnL9cFMRJ2BzepqoYbg
Canada,CA,Alberta,CA-AB,,,postal_code,T0M,ChIJ3W5hrBaPdlMR7D4ZCfa_Nxs
Canada,CA,Alberta,CA-AB,,,postal_code,T0P,ChIJK4qp2T67sFMRN_lfHELJDw8
Canada,CA,Alberta,CA-AB,,,postal_code,T1A,ChIJhdHVo-8sE1MR2Om09N_R7Ds
Canada,CA,Alberta,CA-AB,,,postal_code,T1B,ChIJRR6QZoYtE1MRMMo-fVuSxZs
Canada,CA,Alberta,CA-AB,,,postal_code,T1C,ChIJS6r-3ncsE1MRxm36CbqTcE0
Canada,CA,Alberta,CA-AB,,,postal_code,T1G,ChIJM9l1t_41bFMRxqJYB7DC6P4
Canada,CA,Alberta,CA-AB,,,postal_code,T1H,ChIJj39Q6XmHblMRpM4-ORp2PDU
Canada,CA,Alberta,CA-AB,,,postal_code,T1J,ChIJt4o2uPGIblMR0h3Tcv7Svls
Canada,CA,Alberta,CA-AB,,,postal_code,T1K,ChIJGZYSh02PblMRdCzNcmLXnx4
Canada,CA,Alberta,CA-AB,,,postal_code,T1L,ChIJuUtTWk7KcFMRsAd7OV2ajOQ
Canada,CA,Alberta,CA-AB,,,postal_code,T1M,ChIJtxyTlt6BblMRfI8A5WyQzSY
Canada,CA,Alberta,CA-AB,,,postal_code,T1P,ChIJ-WRhXfrMc1MRnyribFeqJps
Canada,CA,Alberta,CA-AB,,,postal_code,T1R,ChIJz4IR2rJjbVMRNJ4LKig7Gus
Canada,CA,Alberta,CA-AB,,,postal_code,T1S,ChIJV6pX18yZcVMRbowX4FVmUrU
Canada,CA,Alberta,CA-AB,,,postal_code,T1V,ChIJaUaAh0KVcVMRJKd8NqRbaEU
Canada,CA,Alberta,CA-AB,,,postal_code,T1W,ChIJX7q_Ab7FcFMRASZgmjXHmJk
Canada,CA,Alberta,CA-AB,,,postal_code,T1X,ChIJgcgnO7F4cVMRBtO0-AOccO8
Canada,CA,Alberta,CA-AB,,,postal_code,T1Y,ChIJCSU2-aRkcVMRaqTmDNLkcR0
Canada,CA,Alberta,CA-AB,,,postal_code,T1Z,ChIJzxw-Yxd9cVMRCzF6-z7Gaug
Canada,CA,Alberta,CA-AB,,,postal_code,T2A,ChIJx5sbvD57cVMRJrbQs9ODLag
Canada,CA,Alberta,CA-AB,,,postal_code,T2B,ChIJV-leqvl6cVMRITNAa0zP_sQ
Canada,CA,Alberta,CA-AB,,,postal_code,T2C,ChIJi-H3lAZ6cVMRSvlqJ9sCGLA
Canada,CA,Alberta,CA-AB,,,postal_code,T2E,ChIJhQ5C8wNlcVMRLlbGNZNaFjU
Canada,CA,Alberta,CA-AB,,,postal_code,T2G,ChIJs8XGI6B6cVMRdsoeWsEns0Q
Canada,CA,Alberta,CA-AB,,,postal_code,T2H,ChIJG-vFce5wcVMRNysajZ2Iq3g
Canada,CA,Alberta,CA-AB,,,postal_code,T2J,ChIJB8lw8yd3cVMRrFEFM36VLH8
Canada,CA,Alberta,CA-AB,,,postal_code,T2K,ChIJy8AiG45lcVMRot34-TbRfYo
Canada,CA,Alberta,CA-AB,,,postal_code,T2L,ChIJ6YE2uW5vcVMRfr0UV3I-HCQ
Canada,CA,Alberta,CA-AB,,,postal_code,T2M,ChIJB-AprZpvcVMRAx6BxMGdFZw
Canada,CA,Alberta,CA-AB,,,postal_code,T2N,ChIJi_aeGb1vcVMRijnIRgVW-OY
Canada,CA,Alberta,CA-AB,,,postal_code,T2S,ChIJcQWsizhwcVMR-KGdiOnXg3k
Canada,CA,Alberta,CA-AB,,,postal_code,T2T,ChIJbagKBzNwcVMR2pUXaInpFJU
Canada,CA,Alberta,CA-AB,,,postal_code,T2V,ChIJSQ5whHRxcVMRSVU8YJqGeXc
Canada,CA,Alberta,CA-AB,,,postal_code,T2W,ChIJSZ6zBAB0cVMRkUFEjUMhMVg
Canada,CA,Alberta,CA-AB,,,postal_code,T2X,ChIJz9ww31x2cVMRCA05fs3wcwE
Canada,CA,Alberta,CA-AB,,,postal_code,T2Y,ChIJhaBMjDB0cVMRb3SDPZzC114
Canada,CA,Alberta,CA-AB,,,postal_code,T2Z,ChIJ2QbT9553cVMRHmDfAM-qDlY
Canada,CA,Alberta,CA-AB,,,postal_code,T3A,ChIJLdzQHKxocVMRkd0f7DctmBg
Canada,CA,Alberta,CA-AB,,,postal_code,T3B,ChIJ7UWsl7lucVMRzI9w_PIpr70
Canada,CA,Alberta,CA-AB,,,postal_code,T3C,ChIJ-7H70kpucVMR2wZ0KEqGURw
Canada,CA,Alberta,CA-AB,,,postal_code,T3E,ChIJ5dyLDOpxcVMRQT8sdnofkcs
Canada,CA,Alberta,CA-AB,,,postal_code,T3G,ChIJe1mo8f1ocVMRYW-H3Sxr7W0
Canada,CA,Alberta,CA-AB,,,postal_code,T3H,ChIJdQ8mBuBtcVMRJX8d_j4eljA
Canada,CA,Alberta,CA-AB,,,postal_code,T3J,ChIJ64mc0O9jcVMR2SGIK8Iv-QU
Canada,CA,Alberta,CA-AB,,,postal_code,T3K,ChIJJQ8rBo1mcVMRycD99cgHcs0
Canada,CA,Alberta,CA-AB,,,postal_code,T3L,ChIJXxQg0yhqcVMR_-ecxxlCPDI
Canada,CA,Alberta,CA-AB,,,postal_code,T3M,ChIJdRsLjISdcVMRNaRm-1vUgB0
Canada,CA,Alberta,CA-AB,,,postal_code,T3N,ChIJi7r21nVhcVMRZvBlSiYNeFs
Canada,CA,Alberta,CA-AB,,,postal_code,T3P,ChIJBeSoIYRdcVMRz3613d-jFNs
Canada,CA,Alberta,CA-AB,,,postal_code,T3R,ChIJx4PZbMBCcVMR7xDH5iAURDQ
Canada,CA,Alberta,CA-AB,,,postal_code,T3S,ChIJ-Y4EAaJ5cVMRgmIeHlvo4Zk
Canada,CA,Alberta,CA-AB,,,postal_code,T3Z,ChIJW6N98cBscVMRX43NkWlhaQ4
Canada,CA,Alberta,CA-AB,,,postal_code,T4A,ChIJJTj9PtHhc1MRb6Lupq5xw_Y
Canada,CA,Alberta,CA-AB,,,postal_code,T4B,ChIJP9amEKpfcVMR7bAheQY1X3Y
Canada,CA,Alberta,CA-AB,,,postal_code,T4C,ChIJ4xSPkPpAcVMRTbhVWGZGoHI
Canada,CA,Alberta,CA-AB,,,postal_code,T4E,ChIJOx63wiD4dFMRpHFdVG4OoIg
Canada,CA,Alberta,CA-AB,,,postal_code,T4G,ChIJE2RiqG9BdFMR57LdlBwbq6Q
Canada,CA,Alberta,CA-AB,,,postal_code,T4H,ChIJ5XLly_kQdFMRdWiTUc8kWHI
Canada,CA,Alberta,CA-AB,,,postal_code,T4J,ChIJyUzaTs8VdVMR5xR7HrHH2MQ
Canada,CA,Alberta,CA-AB,,,postal_code,T4L,ChIJE61JShIEdVMRLvW7Me6Ujxg
Canada,CA,Alberta,CA-AB,,,postal_code,T4N,ChIJKzdEHCRUdFMRklG8FkaMrPo
Canada,CA,Alberta,CA-AB,,,postal_code,T4P,ChIJVZqISaNVdFMRQOY2iqGq_Mk
Canada,CA,Alberta,CA-AB,,,postal_code,T4R,ChIJW3av9_VWdFMRd6uozaOQCNo
Canada,CA,Alberta,CA-AB,,,postal_code,T4S,ChIJVY5WX1-ydVMR1y9nb0-fXZc
Canada,CA,Alberta,CA-AB,,,postal_code,T4T,ChIJ_VitBzbZdVMRXYIjTsGvNCg
Canada,CA,Alberta,CA-AB,,,postal_code,T4V,ChIJ8YEX3s-7ClMRtkRT7SZhxAA
Canada,CA,Alberta,CA-AB,,,postal_code,T4X,ChIJmXGNT88coFMRGXVc97X4q8g
Canada,CA,Alberta,CA-AB,,,postal_code,T5A,ChIJn_mYkcA8oFMRFDhlZEvvkww
Canada,CA,Alberta,CA-AB,,,postal_code,T5B,ChIJAXATNhojoFMRv-_RcwEVIEQ
Canada,CA,Alberta,CA-AB,,,postal_code,T5C,ChIJdaYIp1EjoFMRPXhaVIWx7Ts
Canada,CA,Alberta,CA-AB,,,postal_code,T5E,ChIJZ7dCV30joFMRzQcRhNGH-FU
Canada,CA,Alberta,CA-AB,,,postal_code,T5G,ChIJxzOva6MjoFMR6R-6F8U7qi0
Canada,CA,Alberta,CA-AB,,,postal_code,T5H,ChIJdTQEAVIioFMRM99Ju7EtA3Q
Canada,CA,Alberta,CA-AB,,,postal_code,T5K,ChIJ6aLZizoioFMRMKR5uG51u9U
Canada,CA,Alberta,CA-AB,,,postal_code,T5L,ChIJby1RXPQjoFMR3SAqB6kqqZM
Canada,CA,Alberta,CA-AB,,,postal_code,T5M,ChIJT1nljmchoFMRDeNNssO9o0s
Canada,CA,Alberta,CA-AB,,,postal_code,T5N,ChIJE4LXRX8hoFMRUakXJRZEEH0
Canada,CA,Alberta,CA-AB,,,postal_code,T5P,ChIJIdVyKRAhoFMRQUnVN2jEx1E
Canada,CA,Alberta,CA-AB,,,postal_code,T5R,ChIJf85cVrYhoFMRc327Ab09eF4
Canada,CA,Alberta,CA-AB,,,postal_code,T5S,ChIJpz29rcwgoFMRDCcZZailN9k
Canada,CA,Alberta,CA-AB,,,postal_code,T5T,ChIJm2D-xXwgoFMRIzB6oAqMfIM
Canada,CA,Alberta,CA-AB,,,postal_code,T5V,ChIJw-y93sMmoFMRGUHszZ713UY
Canada,CA,Alberta,CA-AB,,,postal_code,T5W,ChIJLe8Nnys9oFMRRCl_QJdxf0s
Canada,CA,Alberta,CA-AB,,,postal_code,T5X,ChIJcTreyugkoFMRgKOKCD71gP0
Canada,CA,Alberta,CA-AB,,,postal_code,T5Y,ChIJQWniO7g7oFMRW61QWWj5hGU
Canada,CA,Alberta,CA-AB,,,postal_code,T5Z,ChIJz0A8iTM7oFMRXRQ9WUBLZn8
Canada,CA,Alberta,CA-AB,,,postal_code,T6A,ChIJSeuE_-kioFMR7_UXc-tYg9M
Canada,CA,Alberta,CA-AB,,,postal_code,T6B,ChIJhzoJF24YoFMRfhmnATdLQ1o
Canada,CA,Alberta,CA-AB,,,postal_code,T6C,ChIJMd5m5nkioFMRqmGp9ZRRhZY
Canada,CA,Alberta,CA-AB,,,postal_code,T6E,ChIJSywD57wYoFMRJOasZ_WFPz0
Canada,CA,Alberta,CA-AB,,,postal_code,T6G,ChIJnfC5mvIhoFMRtzb60tjFibY
Canada,CA,Alberta,CA-AB,,,postal_code,T6H,ChIJswOQx2YfoFMRNJt59-8rUMg
Canada,CA,Alberta,CA-AB,,,postal_code,T6J,ChIJkV6pZ_0eoFMRWUBUqg7Ve2M
Canada,CA,Alberta,CA-AB,,,postal_code,T6K,ChIJEwSGCTAZoFMR8SIJ7U2ypEM
Canada,CA,Alberta,CA-AB,,,postal_code,T6L,ChIJ480SiBMZoFMRGxTs23r33nM
Canada,CA,Alberta,CA-AB,,,postal_code,T6M,ChIJZYb4w2v1n1MRZorjMvzdZcc
Canada,CA,Alberta,CA-AB,,,postal_code,T6N,ChIJ6X9nosUeoFMRILU2H4LAgm8
Canada,CA,Alberta,CA-AB,,,postal_code,T6P,ChIJFx_vIR0YoFMRhmiEqrB7d5E
Canada,CA,Alberta,CA-AB,,,postal_code,T6R,ChIJ0TqtFtsfoFMR0USBkyOxOQ8
Canada,CA,Alberta,CA-AB,,,postal_code,T6S,ChIJ5zxHAqo9oFMRTp9ixsTX8vU
Canada,CA,Alberta,CA-AB,,,postal_code,T6T,ChIJCa2jKJcZoFMR563ggpz8TUc
Canada,CA,Alberta,CA-AB,,,postal_code,T6V,ChIJ6ykxZVIkoFMRGIpTKX-7e0M
Canada,CA,Alberta,CA-AB,,,postal_code,T6W,ChIJlcbV2Pf1n1MRfIVwDmIEXRA
Canada,CA,Alberta,CA-AB,,,postal_code,T6X,ChIJa2H2J_gboFMRojbsmGkB8Bk
Canada,CA,Alberta,CA-AB,,,postal_code,T7A,ChIJwxuBoKVHnlMRM-x_8JwLuKg
Canada,CA,Alberta,CA-AB,,,postal_code,T7E,ChIJO7kxsW8inFMRSEh3f0VE440
Canada,CA,Alberta,CA-AB,,,postal_code,T7N,ChIJPV12hiRcn1MRL2G4THN8vNs
Canada,CA,Alberta,CA-AB,,,postal_code,T7P,ChIJSx56DGTCoVMRcOLoNkIiry0
Canada,CA,Alberta,CA-AB,,,postal_code,T7S,ChIJ9dE9p1HTnlMR3JT5L20KfF8
Canada,CA,Alberta,CA-AB,,,postal_code,T7V,ChIJrWhTFN6NnFMRlWSAFEtSEe4
Canada,CA,Alberta,CA-AB,,,postal_code,T7X,ChIJ0R3yLs2On1MRkUeyFDHdPdI
Canada,CA,Alberta,CA-AB,,,postal_code,T7Y,ChIJZ4Je3STzn1MRRKclhcbOJ9Y
Canada,CA,Alberta,CA-AB,,,postal_code,T7Z,ChIJ1T0SngeRn1MRZFKiElqE1V4
Canada,CA,Alberta,CA-AB,,,postal_code,T8A,ChIJdxpNlwU-oFMRKEDfVrqh2ac
Canada,CA,Alberta,CA-AB,,,postal_code,T8B,ChIJZw0aNqIQoFMRBFfhWW5jXyw
Canada,CA,Alberta,CA-AB,,,postal_code,T8C,ChIJL015NQsRoFMRpejvcnMTjdo
Canada,CA,Alberta,CA-AB,,,postal_code,T8E,ChIJaccjQaQUoFMRlY_XIA3zP3s
Canada,CA,Alberta,CA-AB,,,postal_code,T8G,ChIJcXDRLsZtoFMRu3PDJZLa7ac
Canada,CA,Alberta,CA-AB,,,postal_code,T8H,ChIJsbfZXY09oFMR4U3hgfA4OPg
Canada,CA,Alberta,CA-AB,,,postal_code,T8L,ChIJb5zwaOxFoFMRdvfht-rj74w
Canada,CA,Alberta,CA-AB,,,postal_code,T8N,ChIJnSuLjAsmoFMRB8ptao4kTnE
Canada,CA,Alberta,CA-AB,,,postal_code,T8R,ChIJjbLc9o0toFMRo55X1kC3p6E
Canada,CA,Alberta,CA-AB,,,postal_code,T8S,ChIJzXUXj55PllMRuAl740vXNMQ
Canada,CA,Alberta,CA-AB,,,postal_code,T8T,ChIJpzxPsD29oFMRwvptzS1qwo4
Canada,CA,Alberta,CA-AB,,,postal_code,T8V,ChIJz6AI4eOTkFMRrSgXQkpLdqc
Canada,CA,Alberta,CA-AB,,,postal_code,T8W,ChIJb9i6HeGQkFMRoU6zrh0njOU
Canada,CA,Alberta,CA-AB,,,postal_code,T8X,ChIJJbQTCLiWkFMRAEIjl6WL1zs
Canada,CA,Alberta,CA-AB,,,postal_code,T9A,ChIJWeRc-UZOdVMR9Nai8S4Iu8A
Canada,CA,Alberta,CA-AB,,,postal_code,T9C,ChIJv9vEkUScoFMRlOFZA4VRAyE
Canada,CA,Alberta,CA-AB,,,postal_code,T9E,ChIJ1zLHei34n1MRa6BGMugIu_U
Canada,CA,Alberta,CA-AB,,,postal_code,T9G,ChIJAyEWtG_xn1MR_5om0-uIAug
Canada,CA,Alberta,CA-AB,,,postal_code,T9H,ChIJbWknJTkGsFMRgduB_4luFWA
Canada,CA,Alberta,CA-AB,,,postal_code,T9J,ChIJGb8Gt7MHsFMRTcArC7MyUJQ
Canada,CA,Alberta,CA-AB,,,postal_code,T9K,ChIJN-bb9_cIsFMR9S8-shngtQ0
Canada,CA,Alberta,CA-AB,,,postal_code,T9M,ChIJocvI6bPLp1MRz7n09BbKvUo
Canada,CA,Alberta,CA-AB,,,postal_code,T9N,ChIJy0tAPNypp1MRxyTh7bFTd38
Canada,CA,Alberta,CA-AB,,,postal_code,T9S,ChIJJ_PlAHrRo1MR2v5Gq-2UQB8
Canada,CA,Alberta,CA-AB,,,postal_code,T9V,ChIJV6ua1YmyCVMRw_ibtIKhkdo
Canada,CA,Alberta,CA-AB,,,postal_code,T9W,ChIJNSONIpjWC1MRH2d-hkDjfW8
Canada,CA,Alberta,CA-AB,,,postal_code,T9X,ChIJg9wbrpntCVMRG2cep23F2pk
Canada,CA,Alberta,CA-AB,,,,,ChIJtRkkqIKyCVMRno6bQJpHqbA
Canada,CA,British Columbia,CA-BC,,,postal_code,V0A,ChIJ58uWA72weVMRx4NyDdx0o5s
Canada,CA,British Columbia,CA-BC,,,postal_code,V0B,ChIJ5f2VAhzJelMRb2NiE2YyQZ0
Canada,CA,British Columbia,CA-BC,,,postal_code,V0C,ChIJFU7EUz5181MRcmvMsaH4XWA
Canada,CA,British Columbia,CA-BC,,,postal_code,V0E,ChIJ5e8DefDHeFMRxq4XF-wTCVI
Canada,CA,British Columbia,CA-BC,,,postal_code,V0G,ChIJUQldbvaXfFMRBAXGWMHF9Zk
Canada,CA,British Columbia,CA-BC,,,postal_code,V0H,ChIJ9a64VBSCglQRSHRWWAoEEq4
Canada,CA,British Columbia,CA-BC,,,postal_code,V0J,ChIJm2Hr06_tilMRL-_vBwe6J1Q
Canada,CA,British Columbia,CA-BC,,,postal_code,V0K,ChIJzQcTN_6Hf1QRaFqjMmq93_4
Canada,CA,British Columbia,CA-BC,,,postal_code,V0L,ChIJJYCShB0heVQRGXhhG5sLonM
Canada,CA,British Columbia,CA-BC,,,postal_code,V0M,ChIJ0-XnkiC7hlQRkmJWNGdMvmU
Canada,CA,British Columbia,CA-BC,,,postal_code,V0N,ChIJgcgbobMsfVQRyFusLi7aQWI
Canada,CA,British Columbia,CA-BC,,,postal_code,V0P,ChIJiyxje9HNfFQR0VqT8jebOio
Canada,CA,British Columbia,CA-BC,,,postal_code,V0R,ChIJY-rWp3P-iFQRp0NFKuHMpXQ
Canada,CA,British Columbia,CA-BC,,,postal_code,V0S,ChIJ0a0_mewjj1QR9UlfyRYgvGg
Canada,CA,British Columbia,CA-BC,,,postal_code,V0T,ChIJa1TCt38iclQR8n0Ecf6qp6k
Canada,CA,British Columbia,CA-BC,,,postal_code,V0V,ChIJbSLIVFPYclQRSe7YhDkgUUM
Canada,CA,British Columbia,CA-BC,,,postal_code,V0W,ChIJ-w0lskl-AFQRUqo3C4854ZY
Canada,CA,British Columbia,CA-BC,,,postal_code,V0X,ChIJGSli3gPDg1QRJXuWd2FhgPA
Canada,CA,British Columbia,CA-BC,,,postal_code,V1A,ChIJ0T7kebfVZFMRZ8gZK8dwNys
Canada,CA,British Columbia,CA-BC,,,postal_code,V1B,ChIJGTSxfW_XfVMRL_16hPgl_Bk
Canada,CA,British Columbia,CA-BC,,,postal_code,V1C,ChIJ4afpPK3ZZFMR2Ln9IqGjTjs
Canada,CA,British Columbia,CA-BC,,,postal_code,V1E,ChIJVe3sHGpgflMRy4QoEXySKa0
Canada,CA,British Columbia,CA-BC,,,postal_code,V1G,ChIJMbdSFEeZkVMRK0PaSwkksXM
Canada,CA,British Columbia,CA-BC,,,postal_code,V1H,ChIJs72j5GjffVMRXITFPPT6wRA
Canada,CA,British Columbia,CA-BC,,,postal_code,V1J,ChIJu14pOKA2klMR9WktQ2R4dd4
Canada,CA,British Columbia,CA-BC,,,postal_code,V1K,ChIJ5f7badCQgVQRUyZL7LmBEKE
Canada,CA,British Columbia,CA-BC,,,postal_code,V1L,ChIJcQRGQAezfFMROJQx0b7YLzo
Canada,CA,British Columbia,CA-BC,,,postal_code,V1M,ChIJjZEwEfXShVQR7xXTBTjh8UE
Canada,CA,British Columbia,CA-BC,,,postal_code,V1N,ChIJMwHMG4jNfFMRvpFRS3XT6PM
Canada,CA,British Columbia,CA-BC,,,postal_code,V1P,ChIJWX8ZAumTfVMRBKbNs1Ani68
Canada,CA,British Columbia,CA-BC,,,postal_code,V1R,ChIJZ9TMfmvXYlMRDMLgnDoXypU
Canada,CA,British Columbia,CA-BC,,,postal_code,V1S,ChIJYbgnjb8rflMRIlzcEoBrSAQ
Canada,CA,British Columbia,CA-BC,,,postal_code,V1T,ChIJO-Q5NsPYfVMRpMVMGhF6qUw
Canada,CA,British Columbia,CA-BC,,,postal_code,V1V,ChIJKQk61WXyfVMRsnUmhJjALkg
Canada,CA,British Columbia,CA-BC,,,postal_code,V1W,ChIJgyMq5NyLfVMReWZIkrElPys
Canada,CA,British Columbia,CA-BC,,,postal_code,V1X,ChIJF2rajmXtfVMRYv5UcFhG9D8
Canada,CA,British Columbia,CA-BC,,,postal_code,V1Y,ChIJ2Tuw-U7zfVMRaemsYhbluNs
Canada,CA,British Columbia,CA-BC,,,postal_code,V1Z,ChIJRcxBs2_6fVMR0BqgWG8__mA
Canada,CA,British Columbia,CA-BC,,,postal_code,V2A,ChIJz6BnbdqHglQRhmCr1qHzqdE
Canada,CA,British Columbia,CA-BC,,,postal_code,V2B,ChIJrRfm17XHf1MR4zcvj-Pv-3c
Canada,CA,British Columbia,CA-BC,,,postal_code,V2C,ChIJUViHaSowflMROs5Gise70sk
Canada,CA,British Columbia,CA-BC,,,postal_code,V2E,ChIJ-3rvCCksflMRBOPGFuk4lvY
Canada,CA,British Columbia,CA-BC,,,postal_code,V2G,ChIJVUmD8lWjgFMR11rzRNGK4gE
Canada,CA,British Columbia,CA-BC,,,postal_code,V2H,ChIJR9rhsubMf1MRDm8Ck08eAbE
Canada,CA,British Columbia,CA-BC,,,postal_code,V2J,ChIJrQfWPq4Ih1MRTn0E5acLbYs
Canada,CA,British Columbia,CA-BC,,,postal_code,V2K,ChIJ8d3Aptm9iFMR3_SHMPKd2Bw
Canada,CA,British Columbia,CA-BC,,,postal_code,V2L,ChIJWzKKKd6YiFMRy-Uk77gk0kE
Canada,CA,British Columbia,CA-BC,,,postal_code,V2M,ChIJV0a6gfaZiFMRl_PYgA3uBWs
Canada,CA,British Columbia,CA-BC,,,postal_code,V2N,ChIJcYBVSQOciFMR0okvyaPY3ec
Canada,CA,British Columbia,CA-BC,,,postal_code,V2P,ChIJO6LLye8_hFQRBrj43RIAX_U
Canada,CA,British Columbia,CA-BC,,,postal_code,V2R,ChIJF_wOLVdGhFQRFdJU3VLDtjw
Canada,CA,British Columbia,CA-BC,,,postal_code,V2S,ChIJJ4Q0YIRKhFQRW3PT7i6ARn8
Canada,CA,British Columbia,CA-BC,,,postal_code,V2T,ChIJDbBz3qTKhVQRAMxemIuOUs0
Canada,CA,British Columbia,CA-BC,,,postal_code,V2V,ChIJkUQ7mHUwhFQRxjW0HxjeWZY
Canada,CA,British Columbia,CA-BC,,,postal_code,V2W,ChIJB1VY8SEthFQRecUbgDmeH6o
Canada,CA,British Columbia,CA-BC,,,postal_code,V2X,ChIJiaFCXZzUhVQRModpn9BB6_0
Canada,CA,British Columbia,CA-BC,,,postal_code,V2Y,ChIJA-zcAf7RhVQRei8xFd6jn50
Canada,CA,British Columbia,CA-BC,,,postal_code,V2Z,ChIJYYuoqSLPhVQR09DFD8o2384
Canada,CA,British Columbia,CA-BC,,,postal_code,V3A,ChIJi_6OHbHPhVQRp2neo3dNzn4
Canada,CA,British Columbia,CA-BC,,,postal_code,V3B,ChIJy8hlaUV_hlQRodW0XKo882Q
Canada,CA,British Columbia,CA-BC,,,postal_code,V3C,ChIJxaq3WwTWhVQRHKXEKpXnAs8
Canada,CA,British Columbia,CA-BC,,,postal_code,V3E,ChIJj-a8mciHhlQRh8Mi4qEL2_w
Canada,CA,British Columbia,CA-BC,,,postal_code,V3G,ChIJd3h6gN1JhFQRb8f_UJdMA04
Canada,CA,British Columbia,CA-BC,,,postal_code,V3H,ChIJb751LV95hlQRVYTP-y-fscA
Canada,CA,British Columbia,CA-BC,,,postal_code,V3J,ChIJKROdaVR4hlQRYjYDJL30agQ
Canada,CA,British Columbia,CA-BC,,,postal_code,V3K,ChIJWXdhz3d4hlQRI73NgCARfN4
Canada,CA,British Columbia,CA-BC,,,postal_code,V3L,ChIJsW0wHf13hlQRzBOpjigMYas
Canada,CA,British Columbia,CA-BC,,,postal_code,V3M,ChIJ0Z4btJHYhVQRuV5KUPEcsjQ
Canada,CA,British Columbia,CA-BC,,,postal_code,V3N,ChIJ6W8D-893hlQRRl7fjLuCa7g
Canada,CA,British Columbia,CA-BC,,,postal_code,V3R,ChIJ2wYspXnXhVQRYJ8epmekqXA
Canada,CA,British Columbia,CA-BC,,,postal_code,V3S,ChIJ_Xh419fahVQRx5i7BODnwBU
Canada,CA,British Columbia,CA-BC,,,postal_code,V3T,ChIJuYA9fIDXhVQRfNYxHCHw-6k
Canada,CA,British Columbia,CA-BC,,,postal_code,V3V,ChIJF8O_iTHYhVQRbiB3RH8i8LU
Canada,CA,British Columbia,CA-BC,,,postal_code,V3W,ChIJ5a4GaSrahVQRIRRr0WcCDjk
Canada,CA,British Columbia,CA-BC,,,postal_code,V3X,ChIJW9_2rqLbhVQRpgxH_M1tPkU
Canada,CA,British Columbia,CA-BC,,,postal_code,V3Y,ChIJIS8sIkTVhVQRuMk0ftwWikQ
Canada,CA,British Columbia,CA-BC,,,postal_code,V4A,ChIJhZQiayjdhVQRemDDfobENv0
Canada,CA,British Columbia,CA-BC,,,postal_code,V4B,ChIJBxViZHbDhVQRy6zVc1y1hes
Canada,CA,British Columbia,CA-BC,,,postal_code,V4C,ChIJ8YCUihfZhVQRPeyN9TJpci0
Canada,CA,British Columbia,CA-BC,,,postal_code,V4E,ChIJJ1mt2gfchVQR2x6_VuwnrMg
Canada,CA,British Columbia,CA-BC,,,postal_code,V4G,ChIJRwkWmPrehVQRg-l3qYWBxbU
Canada,CA,British Columbia,CA-BC,,,postal_code,V4K,ChIJAVEn_h7ehVQRYrWmzzlzXKU
Canada,CA,British Columbia,CA-BC,,,postal_code,V4L,ChIJs1HU9frmhVQRUjcByrZAjxc
Canada,CA,British Columbia,CA-BC,,,postal_code,V4M,ChIJh2CQDiHkhVQRUjh-pYCZSQQ
Canada,CA,British Columbia,CA-BC,,,postal_code,V4N,ChIJGbTI-NXQhVQRHPguJLbc18w
Canada,CA,British Columbia,CA-BC,,,postal_code,V4P,ChIJ8YBnMKvEhVQRbRqwRkUJcLA
Canada,CA,British Columbia,CA-BC,,,postal_code,V4R,ChIJL85pu0QrhFQR-dfbTuLJDNQ
Canada,CA,British Columbia,CA-BC,,,postal_code,V4S,ChIJF9xVhuoxhFQRs9en_0Ai8QE
Canada,CA,British Columbia,CA-BC,,,postal_code,V4T,ChIJ78kWc5f1fVMRS0yRj_WgSWQ
Canada,CA,British Columbia,CA-BC,,,postal_code,V4V,ChIJz6pbCzXvfVMRLvFz7-iYsug
Canada,CA,British Columbia,CA-BC,,,postal_code,V4W,ChIJC-S4oQrMhVQR-3QMlVMxdNA
Canada,CA,British Columbia,CA-BC,,,postal_code,V4X,ChIJp_8pnMg0hFQRvAWm_BCwdCk
Canada,CA,British Columbia,CA-BC,,,postal_code,V4Z,ChIJMRS3GhtqhFQRfFMaohkuiSc
Canada,CA,British Columbia,CA-BC,,,postal_code,V5A,ChIJ4bu-19h5hlQRhAzB1urRwTw
Canada,CA,British Columbia,CA-BC,,,postal_code,V5B,ChIJieUpLkJ3hlQR7jopKLXyyow
Canada,CA,British Columbia,CA-BC,,,postal_code,V5C,ChIJs08fLstwhlQR1pzdh_84Jwg
Canada,CA,British Columbia,CA-BC,,,postal_code,V5E,ChIJl7CR67d3hlQRaOroHIXR57M
Canada,CA,British Columbia,CA-BC,,,postal_code,V5G,ChIJVfxrSRx3hlQRru5mnITQa0s
Canada,CA,British Columbia,CA-BC,,,postal_code,V5H,ChIJaWFjmVd2hlQRgqfVrTy1wW8
Canada,CA,British Columbia,CA-BC,,,postal_code,V5J,ChIJCRtGbQ12hlQRKqtiKWcVw4s
Canada,CA,British Columbia,CA-BC,,,postal_code,V5K,ChIJ5T7Z1d5whlQR-CWwZXqJZNA
Canada,CA,British Columbia,CA-BC,,,postal_code,V5L,ChIJ8RvYqRdxhlQRKpRGo-eIoa8
Canada,CA,British Columbia,CA-BC,,,postal_code,V5M,ChIJ91ydctJ2hlQRI3sUaLqbJGY
Canada,CA,British Columbia,CA-BC,,,postal_code,V5N,ChIJ62j4rbJ2hlQR36-A1T0qcbk
Canada,CA,British Columbia,CA-BC,,,postal_code,V5P,ChIJD35ZyTp0hlQRWfUIdv3owjA
Canada,CA,British Columbia,CA-BC,,,postal_code,V5R,ChIJIWCEFJZ2hlQRmo8r3lX1frY
Canada,CA,British Columbia,CA-BC,,,postal_code,V5S,ChIJy0HSun92hlQROQ71C7oDjbM
Canada,CA,British Columbia,CA-BC,,,postal_code,V5V,ChIJh8ztvvhzhlQR_I6BKcUi5VU
Canada,CA,British Columbia,CA-BC,,,postal_code,V5W,ChIJXxzYtBN0hlQRD0HpyRxkUnQ
Canada,CA,British Columbia,CA-BC,,,postal_code,V5X,ChIJN6DyJVt0hlQR3QlmWAzxUDo
Canada,CA,British Columbia,CA-BC,,,postal_code,V5Y,ChIJu0p9bfRzhlQRwJHl8BCrzwU
Canada,CA,British Columbia,CA-BC,,,postal_code,V5Z,ChIJIy4ZTo1zhlQRQh1Dz4ZmKo0
Canada,CA,British Columbia,CA-BC,,,postal_code,V6A,ChIJ5TUMhm5xhlQRvEMAXezm3KI
Canada,CA,British Columbia,CA-BC,,,postal_code,V6G,ChIJb1rioYtxhlQRmPcZK0Y_vrU
Canada,CA,British Columbia,CA-BC,,,postal_code,V6J,ChIJjw-Sf7lzhlQRAzhxWB28v9o
Canada,CA,British Columbia,CA-BC,,,postal_code,V6K,ChIJwUD6oa1zhlQRyatXsmN5V6o
Canada,CA,British Columbia,CA-BC,,,postal_code,V6M,ChIJxQG7R39zhlQRBUFxeeR5ZSw
Canada,CA,British Columbia,CA-BC,,,postal_code,V6N,ChIJI7HXbzdzhlQRJ77iZecBuLM
Canada,CA,British Columbia,CA-BC,,,postal_code,V6P,ChIJr23VRZJ0hlQREeGvYudYuvI
Canada,CA,British Columbia,CA-BC,,,postal_code,V6R,ChIJE2sqrftyhlQR2n4YsuhZ6R0
Canada,CA,British Columbia,CA-BC,,,postal_code,V6S,ChIJLQ4euyZzhlQRBCeSlacuCnQ
Canada,CA,British Columbia,CA-BC,,,postal_code,V6T,ChIJ8ScXZcZyhlQRh_KrQCBlh6I
Canada,CA,British Columbia,CA-BC,,,postal_code,V6V,ChIJK9dFVY11hlQRhW7_Ap7BxPQ
Canada,CA,British Columbia,CA-BC,,,postal_code,V6W,ChIJ6Y4LO6ffhVQRKXBZcB4wOGw
Canada,CA,British Columbia,CA-BC,,,postal_code,V6X,ChIJCXYY6yJ1hlQRR2hM_d4Ircw
Canada,CA,British Columbia,CA-BC,,,postal_code,V6Y,ChIJSb8N71J1hlQRZSJ1ZXoITak
Canada,CA,British Columbia,CA-BC,,,postal_code,V7A,ChIJz1kK9RPghVQRyzYHjh7VzP8
Canada,CA,British Columbia,CA-BC,,,postal_code,V7B,ChIJU_HC101zhlQRum8ID-5W6aU
Canada,CA,British Columbia,CA-BC,,,postal_code,V7C,ChIJLWLx-egKhlQRNoHxABpmqiM
Canada,CA,British Columbia,CA-BC,,,postal_code,V7E,ChIJkdxD69XhhVQRgEx59VCwZSE
Canada,CA,British Columbia,CA-BC,,,postal_code,V7G,ChIJAYSm0016hlQRJFkLMJhHOdY
Canada,CA,British Columbia,CA-BC,,,postal_code,V7H,ChIJ30F_D6pjhlQRYh5QGoR0Ujk
Canada,CA,British Columbia,CA-BC,,,postal_code,V7J,ChIJe7j027d6hlQRufnanhllOhM
Canada,CA,British Columbia,CA-BC,,,postal_code,V7K,ChIJa5bRMHpkhlQRIqfIWyGKRSI
Canada,CA,British Columbia,CA-BC,,,postal_code,V7L,ChIJicd2x0NwhlQR3B5qjToZgqk
Canada,CA,British Columbia,CA-BC,,,postal_code,V7M,ChIJ4wJCg0VwhlQRWHqwR4EJAo0
Canada,CA,British Columbia,CA-BC,,,postal_code,V7N,ChIJhxF-XfpvhlQRlQ_1AHI4C50
Canada,CA,British Columbia,CA-BC,,,postal_code,V7P,ChIJK3numdpxhlQR3l3-cWeakN8
Canada,CA,British Columbia,CA-BC,,,postal_code,V7R,ChIJCRk9uZxmhlQRsk2iYW4sAws
Canada,CA,British Columbia,CA-BC,,,postal_code,V7S,ChIJAdTh38tohlQR0HClNfNM_qM
Canada,CA,British Columbia,CA-BC,,,postal_code,V7T,ChIJs0wqeyRuhlQRT2TEGbXavuE
Canada,CA,British Columbia,CA-BC,,,postal_code,V7V,ChIJV_hKANhthlQRHW1AJ5sSWPM
Canada,CA,British Columbia,CA-BC,,,postal_code,V7W,ChIJT3iMHwlshlQRsrudkfh0VLo
Canada,CA,British Columbia,CA-BC,,,postal_code,V8A,ChIJMxiGckx8fVQRj9kzdDgRHyU
Canada,CA,British Columbia,CA-BC,,,postal_code,V8B,ChIJE7q_BDf4hlQR-6Eoz2ZuMS0
Canada,CA,British Columbia,CA-BC,,,postal_code,V8C,ChIJi_IMqWCbc1QRQZiqUt3HTH0
Canada,CA,British Columbia,CA-BC,,,postal_code,V8G,ChIJSd3ydExkc1QR0JyKTpKP7TI
Canada,CA,British Columbia,CA-BC,,,postal_code,V8J,ChIJ97JqvwvVclQRmCZWTwZLUMI
Canada,CA,British Columbia,CA-BC,,,postal_code,V8K,ChIJw8tTZ_NZj1QR_a4NvscouFo
Canada,CA,British Columbia,CA-BC,,,postal_code,V8L,ChIJfwklHCJmj1QROhb1-9uSGYw
Canada,CA,British Columbia,CA-BC,,,postal_code,V8M,ChIJf9n9hsVuj1QRJmA9V4yhpc8
Canada,CA,British Columbia,CA-BC,,,postal_code,V8N,ChIJ0RHyNrN2j1QR_19k_KOOLn4
Canada,CA,British Columbia,CA-BC,,,postal_code,V8P,ChIJc1qJTuVzj1QRVD3gkLWicpo
Canada,CA,British Columbia,CA-BC,,,postal_code,V8R,ChIJBfsfGRF0j1QRALBh0BNrASQ
Canada,CA,British Columbia,CA-BC,,,postal_code,V8S,ChIJXyWEeVZ0j1QR9IrAIrDeQZ8
Canada,CA,British Columbia,CA-BC,,,postal_code,V8T,ChIJn_KSnIBzj1QRRaRZ2Uaj3-M
Canada,CA,British Columbia,CA-BC,,,postal_code,V8V,ChIJl6UzzZV0j1QRVvQe9mUrm9w
Canada,CA,British Columbia,CA-BC,,,postal_code,V8X,ChIJJQX-k85zj1QROyGTg38OLOI
Canada,CA,British Columbia,CA-BC,,,postal_code,V8Y,ChIJM8yWUB5uj1QRnAbqZkwAvYk
Canada,CA,British Columbia,CA-BC,,,postal_code,V8Z,ChIJ1wGW1Qtyj1QRvUD41X4jEkk
Canada,CA,British Columbia,CA-BC,,,postal_code,V9A,ChIJzbBGN0Jzj1QRgJ-hj8FFuWg
Canada,CA,British Columbia,CA-BC,,,postal_code,V9B,ChIJbVxWMVFtj1QReng1_sXzTZ8
Canada,CA,British Columbia,CA-BC,,,postal_code,V9C,ChIJ-6wJlx4Mj1QRO4uQkzl9obg
Canada,CA,British Columbia,CA-BC,,,postal_code,V9E,ChIJg6-PuLxtj1QRAB8tcmsVjDw
Canada,CA,British Columbia,CA-BC,,,postal_code,V9G,ChIJz_CqznGuiFQRsRT3aPgisCI
Canada,CA,British Columbia,CA-BC,,,postal_code,V9H,ChIJ5cW6Z2kdiFQRCLDqYPaoSeQ
Canada,CA,British Columbia,CA-BC,,,postal_code,V9J,ChIJy-RRdFAaiFQRIGqTFRepUhk
Canada,CA,British Columbia,CA-BC,,,postal_code,V9K,ChIJv49pkOeLiFQRQD1vxb0e9Oc
Canada,CA,British Columbia,CA-BC,,,postal_code,V9L,ChIJn-PxHrNIj1QR2EqV_mNFjt0
Canada,CA,British Columbia,CA-BC,,,postal_code,V9M,ChIJMSlJPFcSiFQREYKdThb__3E
Canada,CA,British Columbia,CA-BC,,,postal_code,V9N,ChIJB66b_pgUiFQRZCuIeE1xBqs
Canada,CA,British Columbia,CA-BC,,,postal_code,V9P,ChIJwUg3k8CPiFQRY0wZbpL8PbI
Canada,CA,British Columbia,CA-BC,,,postal_code,V9R,ChIJuXBNzwKjiFQREhByBCo3zt0
Canada,CA,British Columbia,CA-BC,,,postal_code,V9S,ChIJkYWf-iuiiFQRxdzxmKbbccI
Canada,CA,British Columbia,CA-BC,,,postal_code,V9T,ChIJh_t79pqYiFQRVujVT2Obsc8
Canada,CA,British Columbia,CA-BC,,,postal_code,V9V,ChIJ1yi0iUefiFQRtIXVGLUeNhk
Canada,CA,British Columbia,CA-BC,,,postal_code,V9W,ChIJQ5V9IEivYlQR7UOTD_GCklY
Canada,CA,British Columbia,CA-BC,,,postal_code,V9X,ChIJiTTPf6-liFQRf5XPuoF5TbQ
Canada,CA,British Columbia,CA-BC,,,postal_code,V9Y,ChIJsX7g6JlYiFQRs_cORULD9xs
Canada,CA,British Columbia,CA-BC,,,postal_code,V9Z,ChIJW6i2BHAFj1QRLS-AWkQwmIw
Canada,CA,British Columbia,CA-BC,,,,,ChIJr2prqsdmelMR-fHnN-lBG4g
Canada,CA,Manitoba,CA-MB,,,postal_code,R0A,ChIJ7TTOaSFvwFIRUhDBhtoFYRk
Canada,CA,Manitoba,CA-MB,,,postal_code,R0C,ChIJ0xspx48g7FIRY7P1EiizqR8
Canada,CA,Manitoba,CA-MB,,,postal_code,R0E,ChIJyY01W4zRlFIRTrcoO--g16Y
Canada,CA,Manitoba,CA-MB,,,postal_code,R0G,ChIJt9haJJtpwlIRIsNQAXlj4aI
Canada,CA,Manitoba,CA-MB,,,postal_code,R0H,ChIJ39PyoMWg6VIRIglxjzBGMZE
Canada,CA,Manitoba,CA-MB,,,postal_code,R0J,ChIJrQIFqEZp5lIR6Qzpi86GJvk
Canada,CA,Manitoba,CA-MB,,,postal_code,R0K,ChIJJeMY8C_051IRHLmjHJIBeMI
Canada,CA,Manitoba,CA-MB,,,postal_code,R0L,ChIJSTduoAle5VIROUMITC1GdoU
Canada,CA,Manitoba,CA-MB,,,postal_code,R0M,ChIJ11bGKqFJ51IRUanYU9bLTRw
Canada,CA,Manitoba,CA-MB,,,postal_code,R1A,ChIJs2GsDraK6lIRek6XPqYErBw
Canada,CA,Manitoba,CA-MB,,,postal_code,R1C,ChIJ4Z-M8vRj6lIRP6O4unb2LmI
Canada,CA,Manitoba,CA-MB,,,postal_code,R1N,ChIJa1g8nwnG6VIRdLOSla0LQg4
Canada,CA,Manitoba,CA-MB,,,postal_code,R2C,ChIJPefca_V56lIRG61aHRoOPww
Canada,CA,Manitoba,CA-MB,,,postal_code,R2E,ChIJh8Yz8yhl6lIRLuxkdqKYxXc
Canada,CA,Manitoba,CA-MB,,,postal_code,R2G,ChIJt6rVNZp66lIR9bTGmLzaO8I
Canada,CA,Manitoba,CA-MB,,,postal_code,R2H,ChIJS7G2NTRx6lIRvd3fjg1wQhI
Canada,CA,Manitoba,CA-MB,,,postal_code,R2J,ChIJWYjJuDh36lIR6VXsUjexX_g
Canada,CA,Manitoba,CA-MB,,,postal_code,R2K,ChIJIzMabfRw6lIRQEvJ7KvXFIs
Canada,CA,Manitoba,CA-MB,,,postal_code,R2L,ChIJOXunvOFw6lIR5onD5k-8VyE
Canada,CA,Manitoba,CA-MB,,,postal_code,R2M,ChIJMw_LgYl26lIRScakYExracQ
Canada,CA,Manitoba,CA-MB,,,postal_code,R2N,ChIJlRU8Hr_YwVIRUOLPf3N1Pso
Canada,CA,Manitoba,CA-MB,,,postal_code,R2P,ChIJwVXVkBxu6lIRKSX27JyUBBw
Canada,CA,Manitoba,CA-MB,,,postal_code,R2R,ChIJyZoE4V9y6lIRfrXUoH6VFyo
Canada,CA,Manitoba,CA-MB,,,postal_code,R2V,ChIJM_aMLc1x6lIRPrOeINtgnR8
Canada,CA,Manitoba,CA-MB,,,postal_code,R2W,ChIJfXh4IXRx6lIR4QnYaJvoFeQ
Canada,CA,Manitoba,CA-MB,,,postal_code,R2X,ChIJSVjGtTpy6lIRu_NlQcuVpwk
Canada,CA,Manitoba,CA-MB,,,postal_code,R2Y,ChIJ28GGp4oM6lIRugY-WuJVLCc
Canada,CA,Manitoba,CA-MB,,,postal_code,R3E,ChIJW1F4LMZz6lIRzaJzYu8eIiw
Canada,CA,Manitoba,CA-MB,,,postal_code,R3G,ChIJ8TOOWY5z6lIR3bpi9oo2DWA
Canada,CA,Manitoba,CA-MB,,,postal_code,R3H,ChIJmfQjcxBz6lIRSfsMViCf2VI
Canada,CA,Manitoba,CA-MB,,,postal_code,R3J,ChIJTVxnVExz6lIRsZlUp2I1Jn4
Canada,CA,Manitoba,CA-MB,,,postal_code,R3K,ChIJZwz7yX4M6lIRwRVgJ7vplOg
Canada,CA,Manitoba,CA-MB,,,postal_code,R3L,ChIJtRW7NaR26lIRrJ8Q3s1-rro
Canada,CA,Manitoba,CA-MB,,,postal_code,R3M,ChIJB4LtnRR06lIRobZ7zPz_ONA
Canada,CA,Manitoba,CA-MB,,,postal_code,R3N,ChIJ0wyveol06lIRezcQmWdpYEE
Canada,CA,Manitoba,CA-MB,,,postal_code,R3P,ChIJ12D9F9106lIRk08S99B4Rhs
Canada,CA,Manitoba,CA-MB,,,postal_code,R3R,ChIJ-wBO620L6lIRjO4xRnuDyto
Canada,CA,Manitoba,CA-MB,,,postal_code,R3S,ChIJt2LRN_8K6lIRwpaQKGACcDE
Canada,CA,Manitoba,CA-MB,,,postal_code,R3T,ChIJKbemiux16lIRr4KkdSl3Pbc
Canada,CA,Manitoba,CA-MB,,,postal_code,R3V,ChIJA09Ww1HewVIRG7DodTXDFKo
Canada,CA,Manitoba,CA-MB,,,postal_code,R3W,ChIJEVwXVGl66lIR3QyogCuPvkE
Canada,CA,Manitoba,CA-MB,,,postal_code,R3X,ChIJT7VVdvp36lIRAWThkvo-Mqk
Canada,CA,Manitoba,CA-MB,,,postal_code,R3Y,ChIJ37gcBWF16lIRF_IK7oWrqFg
Canada,CA,Manitoba,CA-MB,,,postal_code,R4A,ChIJxTQW6kJl6lIRfmF5ylYD3to
Canada,CA,Manitoba,CA-MB,,,postal_code,R4L,ChIJg2F4ZKME6lIRSdzzzA35FqA
Canada,CA,Manitoba,CA-MB,,,postal_code,R5A,ChIJqQpj5YTZwVIR2jBPhVexlTQ
Canada,CA,Manitoba,CA-MB,,,postal_code,R5G,ChIJwynN6A41wFIRfYd6SmOq60I
Canada,CA,Manitoba,CA-MB,,,postal_code,R5H,ChIJvWycs80vwFIRQ_Vqc3Ykwxk
Canada,CA,Manitoba,CA-MB,,,postal_code,R6M,ChIJ0Z5cz8JRwlIRfsoldlUvzdQ
Canada,CA,Manitoba,CA-MB,,,postal_code,R6W,ChIJOQqxfX9JwlIR_sD1xCkFI6c
Canada,CA,Manitoba,CA-MB,,,postal_code,R7A,ChIJlwNeekqX51IR2HC2lGAdAOY
Canada,CA,Manitoba,CA-MB,,,postal_code,R7B,ChIJF2CYhvaZ51IRQanWVmkcJTY
Canada,CA,Manitoba,CA-MB,,,postal_code,R7C,ChIJQb6Su52X51IRQZNPGxpM7JU
Canada,CA,Manitoba,CA-MB,,,postal_code,R7N,ChIJH_uVH2Du5VIRCbmIg1IO7yQ
Canada,CA,Manitoba,CA-MB,,,postal_code,R8A,ChIJFR9zYahx-FIRLiivCa1hgTE
Canada,CA,Manitoba,CA-MB,,,postal_code,R8N,ChIJh2Y0gGXGX1IREgdPLoQhuGI
Canada,CA,Manitoba,CA-MB,,,postal_code,R9A,ChIJ1cBe16Hs-VIRwBbipUFsOTY
Canada,CA,Manitoba,CA-MB,,,,,ChIJE7XnRW_gbVIRaMfBq_JVDxw
Canada,CA,Newfoundland and Labrador,CA-NL,,,postal_code,A0A,ChIJryE8Dd_FDEsRpL4364DTVs8
Canada,CA,Newfoundland and Labrador,CA-NL,,,postal_code,A0B,ChIJ2ZMuMZErc0sRlz9wc92r_Kg
Canada,CA,Newfoundland and Labrador,CA-NL,,,postal_code,A0C,ChIJY-oT5u8WdEsRMoeScA1Hhrc
Canada,CA,Newfoundland and Labrador,CA-NL,,,postal_code,A0E,ChIJ7eekCE0ybUsROpGf95AXU60
Canada,CA,Newfoundland and Labrador,CA-NL,,,postal_code,A0G,ChIJG1CTsQFfdksR2X-etGmuxmE
Canada,CA,Newfoundland and Labrador,CA-NL,,,postal_code,A0H,ChIJSw4l-sXkcEsRdwfT_BMFpAw
Canada,CA,Newfoundland and Labrador,CA-NL,,,postal_code,A0J,ChIJwb8IdNfTeUsRQf9TubOrVRo
Canada,CA,Newfoundland and Labrador,CA-NL,,,postal_code,A0K,ChIJrQPtX_ioeEsRlci_7lj4V0o
Canada,CA,Newfoundland and Labrador,CA-NL,,,postal_code,A0L,ChIJjUDjYzRFeksRAgg7zkP4nBA
Canada,CA,Newfoundland and Labrador,CA-NL,,,postal_code,A0M,ChIJZY-a2QLwb0sRSVL_rCTylW0
Canada,CA,Newfoundland and Labrador,CA-NL,,,postal_code,A0N,ChIJR5N6_qMKcEsRfbID4qkaz-c
Canada,CA,Newfoundland and Labrador,CA-NL,,,postal_code,A0P,ChIJv46AZBbNbkwRhObiTXazvsU
Canada,CA,Newfoundland and Labrador,CA-NL,,,postal_code,A0R,ChIJb7ToPfORYEwRlrSk9Vb3lEE
Canada,CA,Newfoundland and Labrador,CA-NL,,,postal_code,A1A,ChIJJSnkLK6mDEsRNpoK6m-hJrE
Canada,CA,Newfoundland and Labrador,CA-NL,,,postal_code,A1B,ChIJjcdHy4mkDEsRVWa7STwleyM
Canada,CA,Newfoundland and Labrador,CA-NL,,,postal_code,A1C,ChIJXdSuB72jDEsR31FVPvFNPLI
Canada,CA,Newfoundland and Labrador,CA-NL,,,postal_code,A1E,ChIJ6Ty6gSSjDEsRmw6-vnybU1U
Canada,CA,Newfoundland and Labrador,CA-NL,,,postal_code,A1G,ChIJExFrPyi9DEsRlRqWSkyUu-U
Canada,CA,Newfoundland and Labrador,CA-NL,,,postal_code,A1H,ChIJvaM4DRK8DEsRymrzTkT145Y
Canada,CA,Newfoundland and Labrador,CA-NL,,,postal_code,A1K,ChIJ49S0u7mnDEsRrO9ZBvMwPbA
Canada,CA,Newfoundland and Labrador,CA-NL,,,postal_code,A1L,ChIJvVTmdCG7DEsRN524R09cLF8
Canada,CA,Newfoundland and Labrador,CA-NL,,,postal_code,A1M,ChIJKR9_MPOlDEsR5Bls8CsknqE
Canada,CA,Newfoundland and Labrador,CA-NL,,,postal_code,A1N,ChIJmYRIQJi8DEsRQHvtYcbl3b4
Canada,CA,Newfoundland and Labrador,CA-NL,,,postal_code,A1S,ChIJZUgvtPa9DEsRKZW3rXQXSH4
Canada,CA,Newfoundland and Labrador,CA-NL,,,postal_code,A1V,ChIJIYkUofXydksRWX2CjQj_CiQ
Canada,CA,Newfoundland and Labrador,CA-NL,,,postal_code,A1W,ChIJ13oMSSu6DEsRsmIbWZHG1mI
Canada,CA,Newfoundland and Labrador,CA-NL,,,postal_code,A1X,ChIJ8b7N6Xu4DEsRkpQP6Mic2oE
Canada,CA,Newfoundland and Labrador,CA-NL,,,postal_code,A1Y,ChIJ32LKCaNRc0sRtSXvpGTzNCA
Canada,CA,Newfoundland and Labrador,CA-NL,,,postal_code,A2A,ChIJo9QbcWE6d0sRt3VuBH13E1M
Canada,CA,Newfoundland and Labrador,CA-NL,,,postal_code,A2H,ChIJnco3Kxyue0sRncUlkJGuVz0
Canada,CA,Newfoundland and Labrador,CA-NL,,,postal_code,A2N,ChIJParD1MQ8e0sRR4DjqtUQr0c
Canada,CA,Newfoundland and Labrador,CA-NL,,,postal_code,A2V,ChIJka_GQp5L9UwR-BOd2pQdGjg
Canada,CA,Newfoundland and Labrador,CA-NL,,,postal_code,A5A,ChIJOQtpZX14dEsROHN5Y1oPcE4
Canada,CA,Newfoundland and Labrador,CA-NL,,,postal_code,A8A,ChIJU_ZAyxEteksRZ7Od4wKJZl0
Canada,CA,Newfoundland and Labrador,CA-NL,,,,,ChIJD_AvfcKjDEsRqDl21bOd7GQ
Canada,CA,Nova Scotia,CA-NS,,,postal_code,B0C,ChIJ2YZd0F5VZksRh2KB932NMsE
Canada,CA,Nova Scotia,CA-NS,,,postal_code,B0E,ChIJl-7JdcOBZ0sR4bvE38HNMZ8
Canada,CA,Nova Scotia,CA-NS,,,postal_code,B0H,ChIJPZH4oXT3XEsRD3IMFzjZvGI
Canada,CA,Nova Scotia,CA-NS,,,postal_code,B0J,ChIJpQfVZhWDXEsRWWxG7f3pEuU
Canada,CA,Nova Scotia,CA-NS,,,postal_code,B0K,ChIJc8-vA86uXksR1MweNp55rUw
Canada,CA,Nova Scotia,CA-NS,,,postal_code,B0L,ChIJvRjNPy80X0sRYpw9X5wCL_Y
Canada,CA,Nova Scotia,CA-NS,,,postal_code,B0M,ChIJ-w4eSGHFWEsRCkbOIGPI_T8
Canada,CA,Nova Scotia,CA-NS,,,postal_code,B0N,ChIJg_Lisl1hWUsRG2oMZX6HPCM
Canada,CA,Nova Scotia,CA-NS,,,postal_code,B0P,ChIJKTyerYtPWEsRyi1NzAoGkqw
Canada,CA,Nova Scotia,CA-NS,,,postal_code,B0R,ChIJVT5Xjdd6V0sRzTN4iGeT8Zw
Canada,CA,Nova Scotia,CA-NS,,,postal_code,B0S,ChIJTem4xh35V0sRrKLd_4QehRA
Canada,CA,Nova Scotia,CA-NS,,,postal_code,B0T,ChIJ88AVPNAGV0sRNyKsYhqV3ms
Canada,CA,Nova Scotia,CA-NS,,,postal_code,B0V,ChIJ9_nPWUckqEwRrGQvFA0nRaM
Canada,CA,Nova Scotia,CA-NS,,,postal_code,B0W,ChIJC4zXrw9HVksRrF17iLEQEEY
Canada,CA,Nova Scotia,CA-NS,,,postal_code,B1A,ChIJ78tr92UKaEsRHmskmNBxMuo
Canada,CA,Nova Scotia,CA-NS,,,postal_code,B1B,ChIJfVGTtfcIaEsRMp5lT5U7nfk
Canada,CA,Nova Scotia,CA-NS,,,postal_code,B1C,ChIJncCNJ-gCaEsRWecFmDQWO38
Canada,CA,Nova Scotia,CA-NS,,,postal_code,B1E,ChIJAYeq34PhZ0sR64kX33fE9WM
Canada,CA,Nova Scotia,CA-NS,,,postal_code,B1G,ChIJE6SlBjzhZ0sRa8E-uYoMP8w
Canada,CA,Nova Scotia,CA-NS,,,postal_code,B1H,ChIJWeZHMo3mZ0sRRSjwkJBlmP0
Canada,CA,Nova Scotia,CA-NS,,,postal_code,B1J,ChIJZd-vfWpQXUsRIn50qhNDtbg
Canada,CA,Nova Scotia,CA-NS,,,postal_code,B1K,ChIJF-0ZImioQksRCh7wXzX1ygs
Canada,CA,Nova Scotia,CA-NS,,,postal_code,B1L,ChIJsXltZXP5Z0sRRraczozHiUQ
Canada,CA,Nova Scotia,CA-NS,,,postal_code,B1M,ChIJS5x_eCX9Z0sRKWfz3veVUTA
Canada,CA,Nova Scotia,CA-NS,,,postal_code,B1N,ChIJ198-ALjlZ0sRoUEbb2n-Ut0
Canada,CA,Nova Scotia,CA-NS,,,postal_code,B1P,ChIJs5uK6kz7Z0sRA8I9gqwBYJY
Canada,CA,Nova Scotia,CA-NS,,,postal_code,B1R,ChIJBSppBPv6Z0sRv48HhSc7AZY
Canada,CA,Nova Scotia,CA-NS,,,postal_code,B1S,ChIJbXxBpZ77Z0sRzSXBIRBi_AM
Canada,CA,Nova Scotia,CA-NS,,,postal_code,B1T,ChIJtynsVQddXUsRLvHSGOpfXsU
Canada,CA,Nova Scotia,CA-NS,,,postal_code,B1V,ChIJ5c9qYNXuZ0sRdFJ3ss8Emg4
Canada,CA,Nova Scotia,CA-NS,,,postal_code,B1X,ChIJoVvnXmONZ0sRJ_U3J0jVngs
Canada,CA,Nova Scotia,CA-NS,,,postal_code,B1Y,ChIJ5SaXV-7zZ0sRjGLr-SD8zBI
Canada,CA,Nova Scotia,CA-NS,,,postal_code,B2A,ChIJXwL-S8zwZ0sR5d6BPlCMfyE
Canada,CA,Nova Scotia,CA-NS,,,postal_code,B2G,ChIJ6SMn2AhFXEsRZexD1rc5-0o
Canada,CA,Nova Scotia,CA-NS,,,postal_code,B2H,ChIJW-Te9K0eXEsRXQaqkpF0WBw
Canada,CA,Nova Scotia,CA-NS,,,postal_code,B2N,ChIJFz3FS91PWUsRA9sDqZGuLMI
Canada,CA,Nova Scotia,CA-NS,,,postal_code,B2R,ChIJO3SS3NYnWksRsTB5fRFF6iY
Canada,CA,Nova Scotia,CA-NS,,,postal_code,B2S,ChIJr75kMaV-WUsR3lJDiIThZ5Q
Canada,CA,Nova Scotia,CA-NS,,,postal_code,B2T,ChIJAUVa4YWBWUsR5OiSaoVRyN0
Canada,CA,Nova Scotia,CA-NS,,,postal_code,B2V,ChIJwQOTNFAjWksReLbL9vYU-AY
Canada,CA,Nova Scotia,CA-NS,,,postal_code,B2W,ChIJN7Z4F2MkWksRvDx9t9x6xIc
Canada,CA,Nova Scotia,CA-NS,,,postal_code,B2X,ChIJ6dNrN4ImWksRjsUD3pDuDpw
Canada,CA,Nova Scotia,CA-NS,,,postal_code,B2Y,ChIJue0OqekjWksRWTD8XXVhgsI
Canada,CA,Nova Scotia,CA-NS,,,postal_code,B2Z,ChIJK0ZU0TUlWksROSpxKo49MA8
Canada,CA,Nova Scotia,CA-NS,,,postal_code,B3A,ChIJm7rx904hWksRBvl8jXa1DFI
Canada,CA,Nova Scotia,CA-NS,,,postal_code,B3B,ChIJIfR0VucmWksRuEqigYLFfqE
Canada,CA,Nova Scotia,CA-NS,,,postal_code,B3E,ChIJnz4LxjgwWksRj9c5zUyEi4E
Canada,CA,Nova Scotia,CA-NS,,,postal_code,B3G,ChIJx-MHOOA8WksRDizaf1KEUl4
Canada,CA,Nova Scotia,CA-NS,,,postal_code,B3H,ChIJLxFtDjwiWksRqm-sVv0GwUk
Canada,CA,Nova Scotia,CA-NS,,,postal_code,B3K,ChIJISAwD3IhWksRtnyeWgj3jTE
Canada,CA,Nova Scotia,CA-NS,,,postal_code,B3L,ChIJVzXgb40hWksRl8zikY9axG8
Canada,CA,Nova Scotia,CA-NS,,,postal_code,B3M,ChIJDxJ4748gWksRJ6fpKEnY3AM
Canada,CA,Nova Scotia,CA-NS,,,postal_code,B3N,ChIJybLdZ74hWksRuyNXyZChbC0
Canada,CA,Nova Scotia,CA-NS,,,postal_code,B3P,ChIJmSR6PwoiWksRKGlcvkQMW3E
Canada,CA,Nova Scotia,CA-NS,,,postal_code,B3R,ChIJV-tg2sAYWksR8WWNQSYEWQA
Canada,CA,Nova Scotia,CA-NS,,,postal_code,B3S,ChIJWRKTKDggWksRnfMlO2N3Hec
Canada,CA,Nova Scotia,CA-NS,,,postal_code,B3T,ChIJb0i5S3oeWksRf-BjpmlF0xA
Canada,CA,Nova Scotia,CA-NS,,,postal_code,B3V,ChIJqXSnOAwaWksRh2xbGiZfhrE
Canada,CA,Nova Scotia,CA-NS,,,postal_code,B3Z,ChIJhdj-nxf0WUsRweJDqJyOn18
Canada,CA,Nova Scotia,CA-NS,,,postal_code,B4A,ChIJGVQ8cuKJWUsRGrcpM_LYZt8
Canada,CA,Nova Scotia,CA-NS,,,postal_code,B4B,ChIJZV9bV_iLWUsRKlrLGGQAGCg
Canada,CA,Nova Scotia,CA-NS,,,postal_code,B4C,ChIJ6eOXv2GIWUsR5gisKhs_Jd4
Canada,CA,Nova Scotia,CA-NS,,,postal_code,B4E,ChIJmcus242FWUsRjOcJGl26Wrw
Canada,CA,Nova Scotia,CA-NS,,,postal_code,B4G,ChIJ_bwm4tOFWUsR9NPv0_UHRWY
Canada,CA,Nova Scotia,CA-NS,,,postal_code,B4H,ChIJed81QDdJX0sRvxjQzvk3epk
Canada,CA,Nova Scotia,CA-NS,,,postal_code,B4N,ChIJ46uKINNWWEsRKW3DZ9UlsZQ
Canada,CA,Nova Scotia,CA-NS,,,postal_code,B4P,ChIJBU9eAAhVWEsRGGg3GUnLVS0
Canada,CA,Nova Scotia,CA-NS,,,postal_code,B4R,ChIJI7H8WnBaWEsRTKZt6eGiC3M
Canada,CA,Nova Scotia,CA-NS,,,postal_code,B4V,ChIJGZGoqsNnV0sR4Sdy5etr1VA
Canada,CA,Nova Scotia,CA-NS,,,postal_code,B5A,ChIJuWhKjAYRVksRWvefpBaTHD0
Canada,CA,Nova Scotia,CA-NS,,,postal_code,B6L,ChIJHyQY_-VNWUsRBOu0_RKgYDo
Canada,CA,Nova Scotia,CA-NS,,,,,ChIJRc8Y3pgSWUsRQAnP-B5YAgE
Canada,CA,Ontario,CA-ON,,,postal_code,K0A,ChIJvQQAttH9zUwRSIs1zZMPkco
Canada,CA,Ontario,CA-ON,,,postal_code,K0B,ChIJndkeK7eSzkwR89lxeSbaKpU
Canada,CA,Ontario,CA-ON,,,postal_code,K0C,ChIJw4gNX6knzEwR7yl8updX2k0
Canada,CA,Ontario,CA-ON,,,postal_code,K0E,ChIJed7YxKSgzUwRNJIHJ-JTQEI
Canada,CA,Ontario,CA-ON,,,postal_code,K0G,ChIJzStFM4R40kwRZVm2vOOWy6A
Canada,CA,Ontario,CA-ON,,,postal_code,K0H,ChIJ42fnsorv0kwRCZTVYoIzx80
Canada,CA,Ontario,CA-ON,,,postal_code,K0J,ChIJ8YJqWbK81kwRuIGmqEx9__g
Canada,CA,Ontario,CA-ON,,,postal_code,K0K,ChIJgzdc1Hw000wRb3ns9a_7lfA
Canada,CA,Ontario,CA-ON,,,postal_code,K0L,ChIJAcv9QL-W1EwR0l-qQ2O787o
Canada,CA,Ontario,CA-ON,,,postal_code,K0M,ChIJa_FETd0a1UwRRA04Pj7mrKo
Canada,CA,Ontario,CA-ON,,,postal_code,K1B,ChIJsc01OksOzkwRhR6Mny1NayM
Canada,CA,Ontario,CA-ON,,,postal_code,K1C,ChIJDfeP1-ERzkwROQmgm_ch11I
Canada,CA,Ontario,CA-ON,,,postal_code,K1E,ChIJvZbuQtMTzkwRVr6XSQKevJE
Canada,CA,Ontario,CA-ON,,,postal_code,K1G,ChIJp30rj0APzkwRcFlMAvbIUIE
Canada,CA,Ontario,CA-ON,,,postal_code,K1H,ChIJ-TigvPgFzkwRxXRArGjJOHU
Canada,CA,Ontario,CA-ON,,,postal_code,K1J,ChIJo1-Evt8PzkwRo89wj_bLCzc
Canada,CA,Ontario,CA-ON,,,postal_code,K1K,ChIJaQsY5lsFzkwRuSEbEFSOc3E
Canada,CA,Ontario,CA-ON,,,postal_code,K1L,ChIJgXHEDDkFzkwR2MnsnFX3yY0
Canada,CA,Ontario,CA-ON,,,postal_code,K1M,ChIJHUaDoicFzkwRpBI_0KRqfaQ
Canada,CA,Ontario,CA-ON,,,postal_code,K1N,ChIJU29DPgUFzkwRUdDMpiBoCGI
Canada,CA,Ontario,CA-ON,,,postal_code,K1S,ChIJFcp-WsEFzkwR0K5--P4Ztfs
Canada,CA,Ontario,CA-ON,,,postal_code,K1T,ChIJ-07tzHQJzkwR8KRuGHEPkWg
Canada,CA,Ontario,CA-ON,,,postal_code,K1V,ChIJ6e0N5kAIzkwR_k6gBtb9W7Y
Canada,CA,Ontario,CA-ON,,,postal_code,K1W,ChIJ6z5ftAcSzkwR6z8m0RKt5m0
Canada,CA,Ontario,CA-ON,,,postal_code,K1X,ChIJZw2c9RjizUwRAtzoXB1fmQk
Canada,CA,Ontario,CA-ON,,,postal_code,K1Y,ChIJNf02NA0EzkwRxnTYmxUYA4k
Canada,CA,Ontario,CA-ON,,,postal_code,K1Z,ChIJG2uqyZgGzkwRPs75yF61rjk
Canada,CA,Ontario,CA-ON,,,postal_code,K2A,ChIJJ6k2ZbEGzkwRLkLJu0kju8A
Canada,CA,Ontario,CA-ON,,,postal_code,K2B,ChIJQ1BPIzgBzkwRyRW6qmiBuYg
Canada,CA,Ontario,CA-ON,,,postal_code,K2C,ChIJ3ePjuu0GzkwRHo_mTgG6Kpk
Canada,CA,Ontario,CA-ON,,,postal_code,K2E,ChIJ_w7G_LMHzkwRNVcIQbqhnKg
Canada,CA,Ontario,CA-ON,,,postal_code,K2G,ChIJHbYcPRb9zUwRlxXkqRZKGzE
Canada,CA,Ontario,CA-ON,,,postal_code,K2H,ChIJUZRCmZAAzkwRsYnZm-F9w_w
Canada,CA,Ontario,CA-ON,,,postal_code,K2J,ChIJK_7M-v38zUwRu7HfBw2aHfM
Canada,CA,Ontario,CA-ON,,,postal_code,K2K,ChIJnaLm8D__0UwR4XvpRkxF6bI
Canada,CA,Ontario,CA-ON,,,postal_code,K2L,ChIJoxiur77_zUwRpmfhwCwQrS0
Canada,CA,Ontario,CA-ON,,,postal_code,K2M,ChIJtW_8SVb-zUwRJ9repe398j8
Canada,CA,Ontario,CA-ON,,,postal_code,K2R,ChIJ-Sdivyn8zUwRcd8M16Lisjo
Canada,CA,Ontario,CA-ON,,,postal_code,K2S,ChIJJyA1dVr_zUwRsR5yWNAE9zE
Canada,CA,Ontario,CA-ON,,,postal_code,K2T,ChIJ9d_iwkYA0kwR3dLhEhChZjk
Canada,CA,Ontario,CA-ON,,,postal_code,K2V,ChIJmbBzwn7_zUwRWYwN0uZ1hK0
Canada,CA,Ontario,CA-ON,,,postal_code,K2W,ChIJVcpwE0n_0UwR_lko7hJgPwQ
Canada,CA,Ontario,CA-ON,,,postal_code,K4A,ChIJW0h0zFQSzkwRGSawWrFhJRE
Canada,CA,Ontario,CA-ON,,,postal_code,K4B,ChIJ56SxEmcNzkwRApIwDripxLQ
Canada,CA,Ontario,CA-ON,,,postal_code,K4C,ChIJdc6JJLJszkwR5z3nMoVDRHU
Canada,CA,Ontario,CA-ON,,,postal_code,K4K,ChIJn9tFdeRpzkwRyp_F8usuPc0
Canada,CA,Ontario,CA-ON,,,postal_code,K4M,ChIJO3CKUiHkzUwRBLtBHX0q8mI
Canada,CA,Ontario,CA-ON,,,postal_code,K4P,ChIJB_L4RZTgzUwRIsh5xaBupys
Canada,CA,Ontario,CA-ON,,,postal_code,K4R,ChIJkzDAMnfYzUwRtOaEIh7c5vc
Canada,CA,Ontario,CA-ON,,,postal_code,K6A,ChIJM6ijkcjozkwR6rtQo_jtG0U
Canada,CA,Ontario,CA-ON,,,postal_code,K6H,ChIJE4-nLAMazEwRDy9nGhwJ7nE
Canada,CA,Ontario,CA-ON,,,postal_code,K6J,ChIJaxoHWHsXzEwRYmXgBRZ6EG8
Canada,CA,Ontario,CA-ON,,,postal_code,K6K,ChIJ6eKIHFsYzEwRObpthrC55gY
Canada,CA,Ontario,CA-ON,,,postal_code,K6T,ChIJvybpvaoOzUwRGkFwA48d7Gs
Canada,CA,Ontario,CA-ON,,,postal_code,K6V,ChIJp97e5B0PzUwRz3y3mXzNrDQ
Canada,CA,Ontario,CA-ON,,,postal_code,K7A,ChIJbVXyZquIzUwRdybA3seOfB8
Canada,CA,Ontario,CA-ON,,,postal_code,K7C,ChIJRy7ygn4O0kwRVs68XoSI_N0
Canada,CA,Ontario,CA-ON,,,postal_code,K7G,ChIJZZhRHRdFzUwRrQGWcib7plM
Canada,CA,Ontario,CA-ON,,,postal_code,K7H,ChIJZe_ao1160kwRP7Z9XcfNagY
Canada,CA,Ontario,CA-ON,,,postal_code,K7K,ChIJO7ebVTGq0kwR9il4L98lCxc
Canada,CA,Ontario,CA-ON,,,postal_code,K7L,ChIJteq4lKer0kwRMgFZdm_f4jw
Canada,CA,Ontario,CA-ON,,,postal_code,K7M,ChIJ2VVS7FWs0kwR1Kwub7x2d-s
Canada,CA,Ontario,CA-ON,,,postal_code,K7N,ChIJox1curGy0kwRw3cFu4VTEMY
Canada,CA,Ontario,CA-ON,,,postal_code,K7P,ChIJUc6ydMKt0kwRGIJ_ERvUhvQ
Canada,CA,Ontario,CA-ON,,,postal_code,K7R,ChIJtQi7Xp3Y14kRgHT8vuppmfo
Canada,CA,Ontario,CA-ON,,,postal_code,K7S,ChIJYZPWz3yJ0UwRe3NDu95m49E
Canada,CA,Ontario,CA-ON,,,postal_code,K7V,ChIJ0V_7zQF_0UwRrvCIW9Dck5Q
Canada,CA,Ontario,CA-ON,,,postal_code,K8A,ChIJC_bqkOw20UwRcgY7sr6lRyQ
Canada,CA,Ontario,CA-ON,,,postal_code,K8H,ChIJt9m2Da7M1kwRxte52g_ydMQ
Canada,CA,Ontario,CA-ON,,,postal_code,K8N,ChIJR3E245ov1okR-LrcTGUbehE
Canada,CA,Ontario,CA-ON,,,postal_code,K8P,ChIJUVsmEjkl1okRD27EW9WP0yk
Canada,CA,Ontario,CA-ON,,,postal_code,K8R,ChIJoeo322E71okRYOwLszcfIm8
Canada,CA,Ontario,CA-ON,,,postal_code,K8V,ChIJc0pLQw4W1okRC_npeJpHxVM
Canada,CA,Ontario,CA-ON,,,postal_code,K9A,ChIJuR5ywbbF1YkRL3Hbg7WuFy8
Canada,CA,Ontario,CA-ON,,,postal_code,K9H,ChIJNdEFE52M1YkRO6q7-bOvMwU
Canada,CA,Ontario,CA-ON,,,postal_code,K9J,ChIJM1JTfAKN1YkRPysson22l5w
Canada,CA,Ontario,CA-ON,,,postal_code,K9K,ChIJVfi_WduN1YkRHVYNt2eGA5Q
Canada,CA,Ontario,CA-ON,,,postal_code,K9L,ChIJ8bgbdl6L1YkRelj_pQJCCb4
Canada,CA,Ontario,CA-ON,,,postal_code,K9V,ChIJ0_eS51t51YkRAKT_S8n580c
Canada,CA,Ontario,CA-ON,,,postal_code,L0A,ChIJj_eB1LWi1YkRokPwlc6psoo
Canada,CA,Ontario,CA-ON,,,postal_code,L0B,ChIJp9BwSfcL1YkRjvA0kWO8Pss
Canada,CA,Ontario,CA-ON,,,postal_code,L0C,ChIJ-_U3zSU-1YkRbC9u8d8dqUo
Canada,CA,Ontario,CA-ON,,,postal_code,L0E,ChIJy1FjsM5O1YkR7j_2wcIxXQI
Canada,CA,Ontario,CA-ON,,,postal_code,L0G,ChIJrQ2cs6LaKogR0ON-RRLngjQ
Canada,CA,Ontario,CA-ON,,,postal_code,L0H,ChIJoUEIcIco1YkREy9b2MSDkwY
Canada,CA,Ontario,CA-ON,,,postal_code,L0J,ChIJR2mTvPsYK4gRGY2hbao5sfM
Canada,CA,Ontario,CA-ON,,,postal_code,L0K,ChIJcxAuO_24Kk0Rj3B_Jb5mNj4
Canada,CA,Ontario,CA-ON,,,postal_code,L0L,ChIJSXwe2kKiKogRBbqDj9wXtbs
Canada,CA,Ontario,CA-ON,,,postal_code,L0M,ChIJdTWAw4KLKogRVOr_oS1mx2Q
Canada,CA,Ontario,CA-ON,,,postal_code,L0N,ChIJa5OjM1JUKogRHjkXZO-vfgA
Canada,CA,Ontario,CA-ON,,,postal_code,L0P,ChIJLfSTw8BxK4gRlbEgGgUvmRQ
Canada,CA,Ontario,CA-ON,,,postal_code,L0R,ChIJY4SXliuYLIgRorS3QXTCxiA
Canada,CA,Ontario,CA-ON,,,postal_code,L0S,ChIJKUfHwHZF04kRtsm7T8Yqs90
Canada,CA,Ontario,CA-ON,,,postal_code,L1A,ChIJ7Q89rAe41YkRcZfmg69-U_w
Canada,CA,Ontario,CA-ON,,,postal_code,L1B,ChIJ1d48-36p1YkRE92GaR_AUvM
Canada,CA,Ontario,CA-ON,,,postal_code,L1C,ChIJf4TVPbYA1YkRnnvN3UbgKYE
Canada,CA,Ontario,CA-ON,,,postal_code,L1E,ChIJdyISBu8D1YkRfclktkEkGYM
Canada,CA,Ontario,CA-ON,,,postal_code,L1G,ChIJ0TBu5Jgc1YkRm6yKkBWVzSo
Canada,CA,Ontario,CA-ON,,,postal_code,L1H,ChIJv9q8u9YC1YkRxWImfRhfXDU
Canada,CA,Ontario,CA-ON,,,postal_code,L1J,ChIJuyG7iRwd1YkRNwc9epb9Al0
Canada,CA,Ontario,CA-ON,,,postal_code,L1K,ChIJb1olmlYb1YkRGuhfwH4JwLc
Canada,CA,Ontario,CA-ON,,,postal_code,L1M,ChIJ5zammkAZ1YkRqld4Y5De7G0
Canada,CA,Ontario,CA-ON,,,postal_code,L1N,ChIJzRuNL-Ed1YkRAkCgnMZFcA8
Canada,CA,Ontario,CA-ON,,,postal_code,L1P,ChIJGR8o9bMf1YkR9B2_jSuCdAQ
Canada,CA,Ontario,CA-ON,,,postal_code,L1R,ChIJu0HK3aIe1YkRqFvlANyG9FE
Canada,CA,Ontario,CA-ON,,,postal_code,L1S,ChIJHZe4ItHf1IkRtsZlSUEeVFc
Canada,CA,Ontario,CA-ON,,,postal_code,L1T,ChIJAyghhXYg1YkRnMEE6tH0TeE
Canada,CA,Ontario,CA-ON,,,postal_code,L1V,ChIJteC_1sze1IkRI8732HnkTdQ
Canada,CA,Ontario,CA-ON,,,postal_code,L1W,ChIJ-_tOqOre1IkRjcvzpFSmG1s
Canada,CA,Ontario,CA-ON,,,postal_code,L1X,ChIJffx3bTHf1IkRVmuMydq2lBQ
Canada,CA,Ontario,CA-ON,,,postal_code,L1Y,ChIJ5b7m8hUk1YkRrI2y2hTMxnA
Canada,CA,Ontario,CA-ON,,,postal_code,L1Z,ChIJ22Pom-gf1YkR-IRoF2JkgfQ
Canada,CA,Ontario,CA-ON,,,postal_code,L2A,ChIJ8Te7tGIU04kR-hIEXaHfAwM
Canada,CA,Ontario,CA-ON,,,postal_code,L2E,ChIJNXd8sshc04kRb2ZEOKTp-BY
Canada,CA,Ontario,CA-ON,,,postal_code,L2G,ChIJfdEZnFNC04kRjg4zlv6PsNk
Canada,CA,Ontario,CA-ON,,,postal_code,L2H,ChIJFT7koupE04kR7IX9L94tJNw
Canada,CA,Ontario,CA-ON,,,postal_code,L2J,ChIJCYDuf6hc04kRjKqAAlriy9o
Canada,CA,Ontario,CA-ON,,,postal_code,L2M,ChIJ1wvzk0xX04kRWsZjRFJlb1s
Canada,CA,Ontario,CA-ON,,,postal_code,L2N,ChIJ8-skkjtR04kRlg_SyoZPYWU
Canada,CA,Ontario,CA-ON,,,postal_code,L2P,ChIJ6_TsHW9Q04kRGJRtLSVwbUU
Canada,CA,Ontario,CA-ON,,,postal_code,L2R,ChIJcYfioR1S04kRHANj3f_z8cY
Canada,CA,Ontario,CA-ON,,,postal_code,L2S,ChIJbfbqN8RR04kRdsGf_jQMwZs
Canada,CA,Ontario,CA-ON,,,postal_code,L2T,ChIJ33MaRidQ04kRl5cJP7uQBSg
Canada,CA,Ontario,CA-ON,,,postal_code,L2V,ChIJ-ya6U-xP04kRsWiXBvu2CDs
Canada,CA,Ontario,CA-ON,,,postal_code,L3B,ChIJSwk0aixI04kRSzrdboRvZPU
Canada,CA,Ontario,CA-ON,,,postal_code,L3C,ChIJ9eeZn-tJ04kRvEbahQCWNuY
Canada,CA,Ontario,CA-ON,,,postal_code,L3K,ChIJVVTi9i8x04kR5KWgAkJ3_lY
Canada,CA,Ontario,CA-ON,,,postal_code,L3M,ChIJB4hxeYOlLIgRrMjt0k0dOH8
Canada,CA,Ontario,CA-ON,,,postal_code,L3P,ChIJM4LLzT_W1IkR6ideJkgTDqc
Canada,CA,Ontario,CA-ON,,,postal_code,L3R,ChIJubklRlrU1IkRKbzOesB-tOg
Canada,CA,Ontario,CA-ON,,,postal_code,L3S,ChIJ3Zhc7PLW1IkRknIMGYHFrCQ
Canada,CA,Ontario,CA-ON,,,postal_code,L3T,ChIJaxhoma8sK4gRP_jEuipuL7Q
Canada,CA,Ontario,CA-ON,,,postal_code,L3V,ChIJ890tiiapKk0RRszRnikY1yE
Canada,CA,Ontario,CA-ON,,,postal_code,L3X,ChIJK0gJoIzRKogRP6fbeUqQ8Ps
Canada,CA,Ontario,CA-ON,,,postal_code,L3Y,ChIJ7QNliAnSKogRA9heTt9fP5k
Canada,CA,Ontario,CA-ON,,,postal_code,L3Z,ChIJ2XDS34LFKogR0P5yEAGGuos
Canada,CA,Ontario,CA-ON,,,postal_code,L4A,ChIJR9gXU9Yu1YkRkOT95BxyPJM
Canada,CA,Ontario,CA-ON,,,postal_code,L4B,ChIJp81OTz0rK4gR0Re_OkujTvs
Canada,CA,Ontario,CA-ON,,,postal_code,L4C,ChIJZ0nJ_rArK4gRXyv0N0Rhm8M
Canada,CA,Ontario,CA-ON,,,postal_code,L4E,ChIJy3lON7DVKogRghMiAYRPLoE
Canada,CA,Ontario,CA-ON,,,postal_code,L4G,ChIJUx4rlpLTKogR8U3SXCAgTOA
Canada,CA,Ontario,CA-ON,,,postal_code,L4H,ChIJMWpHo6QlK4gRm21y2ALXbIg
Canada,CA,Ontario,CA-ON,,,postal_code,L4J,ChIJHyaumxUsK4gR2WiPnnIAeic
Canada,CA,Ontario,CA-ON,,,postal_code,L4K,ChIJEbGrE_suK4gRoW3S2IJVCFs
Canada,CA,Ontario,CA-ON,,,postal_code,L4L,ChIJ19bT7GolK4gRHt6MCZiuj8A
Canada,CA,Ontario,CA-ON,,,postal_code,L4M,ChIJt2Z4yiKjKogRWFlcSx3H46s
Canada,CA,Ontario,CA-ON,,,postal_code,L4N,ChIJoW8s9x-9KogRQx5kjgePvy4
Canada,CA,Ontario,CA-ON,,,postal_code,L4P,ChIJS0raSeK1KogRFGdEa6_SujY
Canada,CA,Ontario,CA-ON,,,postal_code,L4R,ChIJ697hW3bbKk0RBDAIeumUyZY
Canada,CA,Ontario,CA-ON,,,postal_code,L4S,ChIJd9aqh2IqK4gRU6T1MOKFUTA
Canada,CA,Ontario,CA-ON,,,postal_code,L4T,ChIJU2-2Hfc7K4gR13CnwcbrL0Y
Canada,CA,Ontario,CA-ON,,,postal_code,L4V,ChIJwQF5NN87K4gRz1ZccBtRWOw
Canada,CA,Ontario,CA-ON,,,postal_code,L4W,ChIJXTSCK-o4K4gR76qMB2e6mYU
Canada,CA,Ontario,CA-ON,,,postal_code,L4X,ChIJn5Ia5fRHK4gRbw7iaWLYIoA
Canada,CA,Ontario,CA-ON,,,postal_code,L4Y,ChIJK7xr7JdHK4gR04RflNAn1OI
Canada,CA,Ontario,CA-ON,,,postal_code,L4Z,ChIJK9ixpbJAK4gRl7wTLq7Lp6I
Canada,CA,Ontario,CA-ON,,,postal_code,L5A,ChIJQRaSFgFHK4gR6R6_yv1Sb_4
Canada,CA,Ontario,CA-ON,,,postal_code,L5B,ChIJ3-I6rN1GK4gRz3E7KfnS4Go
Canada,CA,Ontario,CA-ON,,,postal_code,L5C,ChIJOyZKubNGK4gROSFfQ855QH4
Canada,CA,Ontario,CA-ON,,,postal_code,L5E,ChIJSwOjddZHK4gR6tHsZkPHYhw
Canada,CA,Ontario,CA-ON,,,postal_code,L5G,ChIJgxuVdz9GK4gR_yVrYDHFooA
Canada,CA,Ontario,CA-ON,,,postal_code,L5H,ChIJr7TXOjtEK4gRFIB2YPXMUCw
Canada,CA,Ontario,CA-ON,,,postal_code,L5J,ChIJfcJWzItEK4gRkdju9XbrnAo
Canada,CA,Ontario,CA-ON,,,postal_code,L5K,ChIJb60oXHVEK4gR_g9TvTXtdeM
Canada,CA,Ontario,CA-ON,,,postal_code,L5L,ChIJbxSiBMpDK4gRtJAraXcypR8
Canada,CA,Ontario,CA-ON,,,postal_code,L5M,ChIJ8-fLzYxBK4gRHVJJDCL5Dhw
Canada,CA,Ontario,CA-ON,,,postal_code,L5N,ChIJz42C52BqK4gRRgDNSNKYtdw
Canada,CA,Ontario,CA-ON,,,postal_code,L5R,ChIJeVqkD-tAK4gRQHFR6f6N--c
Canada,CA,Ontario,CA-ON,,,postal_code,L5S,ChIJE9oDE-Y-K4gRCJOYWRgvyN8
Canada,CA,Ontario,CA-ON,,,postal_code,L5T,ChIJG6d7ez0_K4gR2wY0JbpbS_M
Canada,CA,Ontario,CA-ON,,,postal_code,L5V,ChIJcdP2Xf9AK4gRKEiF8PBqGho
Canada,CA,Ontario,CA-ON,,,postal_code,L5W,ChIJge3SeYo_K4gRZ8zzMQPqDrI
Canada,CA,Ontario,CA-ON,,,postal_code,L6A,ChIJN0tHsQApK4gRm-2QABk5Kyo
Canada,CA,Ontario,CA-ON,,,postal_code,L6B,ChIJ9dpMrMbX1IkRAgCHXKOdoD4
Canada,CA,Ontario,CA-ON,,,postal_code,L6C,ChIJo3uDOp7V1IkRD7TEf4685ok
Canada,CA,Ontario,CA-ON,,,postal_code,L6E,ChIJW6pW590p1YkRVE4za7ApcwQ
Canada,CA,Ontario,CA-ON,,,postal_code,L6G,ChIJQY7fal7U1IkRYu1LSz6dD6U
Canada,CA,Ontario,CA-ON,,,postal_code,L6H,ChIJR16iQc9CK4gR-WNIYD7FUHE
Canada,CA,Ontario,CA-ON,,,postal_code,L6J,ChIJSwOCMa1cK4gRI7WLIk-XwZY
Canada,CA,Ontario,CA-ON,,,postal_code,L6K,ChIJzbvwMFZcK4gRmGPlwSklsxw
Canada,CA,Ontario,CA-ON,,,postal_code,L6L,ChIJTf_NzOFdK4gREcgFAfiTAVA
Canada,CA,Ontario,CA-ON,,,postal_code,L6M,ChIJcSGwIJ1nK4gRTLVp7MDLjMA
Canada,CA,Ontario,CA-ON,,,postal_code,L6P,ChIJ-WSWEd0iK4gRhW4CoeFdWGo
Canada,CA,Ontario,CA-ON,,,postal_code,L6R,ChIJZ9MpOcgXK4gRVW1AJsLWymg
Canada,CA,Ontario,CA-ON,,,postal_code,L6S,ChIJt32X5pA9K4gRHNH22Li2I6A
Canada,CA,Ontario,CA-ON,,,postal_code,L6T,ChIJtzTEVTA8K4gRPmeEGx2kStA
Canada,CA,Ontario,CA-ON,,,postal_code,L6V,ChIJWzwOgd0VK4gRgoXBYtGH6zU
Canada,CA,Ontario,CA-ON,,,postal_code,L6W,ChIJyzYr2y8-K4gR3PvFLbssKc4
Canada,CA,Ontario,CA-ON,,,postal_code,L6X,ChIJVbMvG5MUK4gRA3ty8EUIHEM
Canada,CA,Ontario,CA-ON,,,postal_code,L6Y,ChIJQ2X84zAVK4gRXiGn06L37uo
Canada,CA,Ontario,CA-ON,,,postal_code,L6Z,ChIJYaT7PJIWK4gRpmlNZ-cwO3s
Canada,CA,Ontario,CA-ON,,,postal_code,L7A,ChIJbSpLLo4TK4gRb-rWzdNSyHs
Canada,CA,Ontario,CA-ON,,,postal_code,L7B,ChIJT0ZpycXXKogRczFHlGkE3rk
Canada,CA,Ontario,CA-ON,,,postal_code,L7C,ChIJHSl2vjIRK4gRJujKiJsLWKo
Canada,CA,Ontario,CA-ON,,,postal_code,L7E,ChIJNcUb8N4hK4gR69UF5kBDJH4
Canada,CA,Ontario,CA-ON,,,postal_code,L7G,ChIJ4xn6MU5tK4gRtxU-qQ1Bl5U
Canada,CA,Ontario,CA-ON,,,postal_code,L7J,ChIJZ9oNcPJ0K4gR45dO24YLPhc
Canada,CA,Ontario,CA-ON,,,postal_code,L7L,ChIJh4MFD_JgK4gR-J3fqLcviNA
Canada,CA,Ontario,CA-ON,,,postal_code,L7M,ChIJi4pYq3FhK4gRtcVrBy9ent0
Canada,CA,Ontario,CA-ON,,,postal_code,L7N,ChIJa--HnkpgK4gR588GSr8H1Lc
Canada,CA,Ontario,CA-ON,,,postal_code,L7P,ChIJjQXGW4mdLIgRUf_8Ls67dyg
Canada,CA,Ontario,CA-ON,,,postal_code,L7R,ChIJXVicU-BhK4gRcCP_NwVvRYI
Canada,CA,Ontario,CA-ON,,,postal_code,L7S,ChIJ0yLqJmueLIgRqB5PN2vGZ34
Canada,CA,Ontario,CA-ON,,,postal_code,L7T,ChIJP6Wj6rWdLIgR3J1Hwlb1N98
Canada,CA,Ontario,CA-ON,,,postal_code,L8E,ChIJJfoYgUqiLIgR4baclIhVwuE
Canada,CA,Ontario,CA-ON,,,postal_code,L8G,ChIJw72K24GYLIgR5rksgKNqIUg
Canada,CA,Ontario,CA-ON,,,postal_code,L8H,ChIJPVKN89CeLIgRmi9n6stqyGY
Canada,CA,Ontario,CA-ON,,,postal_code,L8J,ChIJSRv6b7KiLIgRdKwfWEM1TAs
Canada,CA,Ontario,CA-ON,,,postal_code,L8K,ChIJc8LpxgmZLIgRSRKrS4wzq2k
Canada,CA,Ontario,CA-ON,,,postal_code,L8L,ChIJ489p1gecLIgRopD67wRYmtA
Canada,CA,Ontario,CA-ON,,,postal_code,L8P,ChIJQ95DYWmbLIgR5GW3vYxRG_Y
Canada,CA,Ontario,CA-ON,,,postal_code,L8R,ChIJ5ficbYCcLIgREriUtZhvrBo
Canada,CA,Ontario,CA-ON,,,postal_code,L8S,ChIJkwv2lLGELIgRc8gzQMyK__U
Canada,CA,Ontario,CA-ON,,,postal_code,L8T,ChIJJ22DcICZLIgR2hg7lTZ6tBs
Canada,CA,Ontario,CA-ON,,,postal_code,L8V,ChIJeyhpCcubLIgR6ktIrQT6f3M
Canada,CA,Ontario,CA-ON,,,postal_code,L8W,ChIJd8HkIRCaLIgR9o6VC0Eu3fw
Canada,CA,Ontario,CA-ON,,,postal_code,L9A,ChIJ1c1XLK2bLIgRxX2l2FEKL-0
Canada,CA,Ontario,CA-ON,,,postal_code,L9B,ChIJM9KbW6OaLIgRWrdH2LPQFfQ
Canada,CA,Ontario,CA-ON,,,postal_code,L9C,ChIJAS0hBiebLIgRKX_QCgY-diM
Canada,CA,Ontario,CA-ON,,,postal_code,L9G,ChIJxw38s7qFLIgRZpbdDwQKQC4
Canada,CA,Ontario,CA-ON,,,postal_code,L9H,ChIJX6s4AoeELIgRjlA_0cGf268
Canada,CA,Ontario,CA-ON,,,postal_code,L9J,ChIJW4CCu829KogR2XhbUjVn7a0
Canada,CA,Ontario,CA-ON,,,postal_code,L9K,ChIJi1hmGiGFLIgRcy79H6FuoVc
Canada,CA,Ontario,CA-ON,,,postal_code,L9L,ChIJBeuLeBYU1YkRFKd-SP5MKUI
Canada,CA,Ontario,CA-ON,,,postal_code,L9M,ChIJOYR7Jv7bKk0RPv_jE72PTcg
Canada,CA,Ontario,CA-ON,,,postal_code,L9N,ChIJpW5Ug_POKogRFUbfE49YV4Y
Canada,CA,Ontario,CA-ON,,,postal_code,L9P,ChIJ5ZrFzOM71YkRqAhXoiWwlVo
Canada,CA,Ontario,CA-ON,,,postal_code,L9R,ChIJx1skxPPuKogRDubUDXClvQA
Canada,CA,Ontario,CA-ON,,,postal_code,L9S,ChIJUQ7ty8O7KogRDAGr78_rtKw
Canada,CA,Ontario,CA-ON,,,postal_code,L9T,ChIJU12oNhFvK4gRuIOzsthCZ_o
Canada,CA,Ontario,CA-ON,,,postal_code,L9V,ChIJQUMk8JiqK4gROEG58P-PrTM
Canada,CA,Ontario,CA-ON,,,postal_code,L9W,ChIJnTwlrHSqK4gRS7c8ykl6GOk
Canada,CA,Ontario,CA-ON,,,postal_code,L9Y,ChIJKx3590Z6KogRwHzqV4QPZJ0
Canada,CA,Ontario,CA-ON,,,postal_code,L9Z,ChIJ9yoLUieBKogRLIApFn9FAX0
Canada,CA,Ontario,CA-ON,,,postal_code,M1B,ChIJS6OFlgLa1IkRi7djl1H50KY
Canada,CA,Ontario,CA-ON,,,postal_code,M1C,ChIJ88T5Fkva1IkRCxaH2rgZuR4
Canada,CA,Ontario,CA-ON,,,postal_code,M1E,ChIJzSAV_Y7a1IkRZq9wA7mMmL4
Canada,CA,Ontario,CA-ON,,,postal_code,M1G,ChIJv5WYvWbQ1IkR2wMsAX1P0yM
Canada,CA,Ontario,CA-ON,,,postal_code,M1H,ChIJ57-281HQ1IkR3xeOmNvBAjU
Canada,CA,Ontario,CA-ON,,,postal_code,M1J,ChIJ64GrgSbQ1IkRo7-7TDu25iU
Canada,CA,Ontario,CA-ON,,,postal_code,M1K,ChIJFQcHUD7O1IkRDqZsKrOi--M
Canada,CA,Ontario,CA-ON,,,postal_code,M1L,ChIJ98eldHnO1IkRlEJKTQ8Qfa8
Canada,CA,Ontario,CA-ON,,,postal_code,M1M,ChIJN_G6KsfP1IkRa-tSTX9D7-8
Canada,CA,Ontario,CA-ON,,,postal_code,M1N,ChIJAylNYPLO1IkRJR2QjajQUrA
Canada,CA,Ontario,CA-ON,,,postal_code,M1P,ChIJaWfm-urR1IkR9Ud6LHlzKNs
Canada,CA,Ontario,CA-ON,,,postal_code,M1R,ChIJC0_rEAbS1IkRywOT86Phq1I
Canada,CA,Ontario,CA-ON,,,postal_code,M1S,ChIJvTUEmRTR1IkRVfqVM3RwWFM
Canada,CA,Ontario,CA-ON,,,postal_code,M1T,ChIJOV87RM3T1IkR5JM3aRv70LU
Canada,CA,Ontario,CA-ON,,,postal_code,M1V,ChIJvV70iVLR1IkRbl70TkLO7Zo
Canada,CA,Ontario,CA-ON,,,postal_code,M1W,ChIJceO2j7zT1IkRftxkKJX_ax8
Canada,CA,Ontario,CA-ON,,,postal_code,M1X,ChIJASw98mbX1IkRM1Oasx6PEXU
Canada,CA,Ontario,CA-ON,,,postal_code,M2H,ChIJO1wqFBbT1IkRzhofOhD1F1s
Canada,CA,Ontario,CA-ON,,,postal_code,M2J,ChIJW64ojOTS1IkRs0UO5neOoPk
Canada,CA,Ontario,CA-ON,,,postal_code,M2K,ChIJWQlBedLS1IkRefhsxwXGmFE
Canada,CA,Ontario,CA-ON,,,postal_code,M2L,ChIJu4GzVlPN1IkRv_vPVhp2gY0
Canada,CA,Ontario,CA-ON,,,postal_code,M2M,ChIJFfDwTh4tK4gR5s44TtS56JA
Canada,CA,Ontario,CA-ON,,,postal_code,M2N,ChIJ67kU028tK4gR5JfjC9rYEy8
Canada,CA,Ontario,CA-ON,,,postal_code,M2R,ChIJAzQSZpUtK4gR4f5X1dK4YtE
Canada,CA,Ontario,CA-ON,,,postal_code,M3A,ChIJiWh2dYDS1IkRYJfrwfFXe10
Canada,CA,Ontario,CA-ON,,,postal_code,M3B,ChIJFSPgX2DN1IkRD4ZMcstFQIU
Canada,CA,Ontario,CA-ON,,,postal_code,M3C,ChIJM76iFBrN1IkRO5qPNuS-Nww
Canada,CA,Ontario,CA-ON,,,postal_code,M3H,ChIJ5S4a_oktK4gRQID7tbLZ3DI
Canada,CA,Ontario,CA-ON,,,postal_code,M3J,ChIJvy2F9R8uK4gRD6G9jtr0Egk
Canada,CA,Ontario,CA-ON,,,postal_code,M3K,ChIJZZPX_CAyK4gRSYv3xpODI8E
Canada,CA,Ontario,CA-ON,,,postal_code,M3L,ChIJG7khBawxK4gRuPsk_6-52Fs
Canada,CA,Ontario,CA-ON,,,postal_code,M3M,ChIJeyJ0mqQxK4gRaiAA-5jsJEM
Canada,CA,Ontario,CA-ON,,,postal_code,M3N,ChIJm4jgZTIwK4gRO6mgtDyBwNM
Canada,CA,Ontario,CA-ON,,,postal_code,M4A,ChIJv733NJXN1IkRwaJ_FSWi28Q
Canada,CA,Ontario,CA-ON,,,postal_code,M4B,ChIJk3wZbzXM1IkRLWq14Z7wk28
Canada,CA,Ontario,CA-ON,,,postal_code,M4C,ChIJ3-YOMz7M1IkRvmW4ElYypR8
Canada,CA,Ontario,CA-ON,,,postal_code,M4E,ChIJKxbESQPM1IkRu71S0o-e0GE
Canada,CA,Ontario,CA-ON,,,postal_code,M4G,ChIJ5REtE9vM1IkRMPvfV6TjZpU
Canada,CA,Ontario,CA-ON,,,postal_code,M4J,ChIJlVku6YnM1IkRVVEPkWiko2E
Canada,CA,Ontario,CA-ON,,,postal_code,M4K,ChIJrRblm5nM1IkRprex_N_bzzY
Canada,CA,Ontario,CA-ON,,,postal_code,M4L,ChIJ3-KbMvTL1IkRGXTtFH0PE1k
Canada,CA,Ontario,CA-ON,,,postal_code,M4M,ChIJp8jeJajL1IkRRnejpVJryc0
Canada,CA,Ontario,CA-ON,,,postal_code,M4N,ChIJZYm5b8wyK4gRRCrqMPSKG_s
Canada,CA,Ontario,CA-ON,,,postal_code,M4W,ChIJLRDG9avM1IkRwwK_u7ewXik
Canada,CA,Ontario,CA-ON,,,postal_code,M5A,ChIJp7ocyBbL1IkReFIMf1ShzjM
Canada,CA,Ontario,CA-ON,,,postal_code,M5M,ChIJ_9ApovMyK4gR5wThUt_neTU
Canada,CA,Ontario,CA-ON,,,postal_code,M5P,ChIJSyp2h24zK4gRyacPJyFzUWI
Canada,CA,Ontario,CA-ON,,,postal_code,M5V,ChIJDe9xKyU1K4gRoelH_y0d4Q4
Canada,CA,Ontario,CA-ON,,,postal_code,M6A,ChIJi47D4TQyK4gRMmZpsM8UkrA
Canada,CA,Ontario,CA-ON,,,postal_code,M6B,ChIJJVeoXL8zK4gRGmIHleTVmaI
Canada,CA,Ontario,CA-ON,,,postal_code,M6C,ChIJeWBtrpwzK4gRpsUtdVnGnZw
Canada,CA,Ontario,CA-ON,,,postal_code,M6E,ChIJc2Fy8_QzK4gRMvw3bRgsVlM
Canada,CA,Ontario,CA-ON,,,postal_code,M6G,ChIJxXA4N4k0K4gRvoQbBhxsBLs
Canada,CA,Ontario,CA-ON,,,postal_code,M6H,ChIJ_f8AN2g0K4gRtjFv5wCn-mc
Canada,CA,Ontario,CA-ON,,,postal_code,M6K,ChIJ05yB16s1K4gR7AZy1Pz3dTU
Canada,CA,Ontario,CA-ON,,,postal_code,M6L,ChIJm9CASmwxK4gRRXIHgMHDhEA
Canada,CA,Ontario,CA-ON,,,postal_code,M6M,ChIJa1ndMk8xK4gR6ZlEyBGiLqk
Canada,CA,Ontario,CA-ON,,,postal_code,M6N,ChIJK5B8KKU2K4gRE3Tj9zz2xnA
Canada,CA,Ontario,CA-ON,,,postal_code,M6P,ChIJ6wTNNSQ0K4gRJZ-ZdPLm9Ck
Canada,CA,Ontario,CA-ON,,,postal_code,M6R,ChIJJUYjXTM0K4gR-rjYtZxEP7Q
Canada,CA,Ontario,CA-ON,,,postal_code,M6S,ChIJMT4BF4g2K4gR2jWVD0-wfWE
Canada,CA,Ontario,CA-ON,,,postal_code,M8V,ChIJJ6Bl19hJK4gRAgGfYl0m63w
Canada,CA,Ontario,CA-ON,,,postal_code,M8W,ChIJIT2DHRVIK4gR4HrPkgndAUs
Canada,CA,Ontario,CA-ON,,,postal_code,M8X,ChIJt_HSzfg2K4gR5aYRFUZearE
Canada,CA,Ontario,CA-ON,,,postal_code,M8Y,ChIJN6aFoGo2K4gR8X6dkTkEXWg
Canada,CA,Ontario,CA-ON,,,postal_code,M8Z,ChIJ6UCcBtA3K4gRIBGK9oC0KyU
Canada,CA,Ontario,CA-ON,,,postal_code,M9A,ChIJvx88ww83K4gRdxJQFcCpjC0
Canada,CA,Ontario,CA-ON,,,postal_code,M9B,ChIJC9cbEYQ3K4gRHdFKouGAhQQ
Canada,CA,Ontario,CA-ON,,,postal_code,M9C,ChIJyWzikhU4K4gRbLEqV6lFX9A
Canada,CA,Ontario,CA-ON,,,postal_code,M9L,ChIJkb1maQgwK4gRt15-OkP6954
Canada,CA,Ontario,CA-ON,,,postal_code,M9M,ChIJz3dsHGQwK4gRokqROuau6bc
Canada,CA,Ontario,CA-ON,,,postal_code,M9N,ChIJl8ZLrt4wK4gRSQOQsj6lllY
Canada,CA,Ontario,CA-ON,,,postal_code,M9P,ChIJQdOe_cswK4gRnqoMitEWkFY
Canada,CA,Ontario,CA-ON,,,postal_code,M9R,ChIJbWh_ZPw5K4gRUIpiX2qob0E
Canada,CA,Ontario,CA-ON,,,postal_code,M9V,ChIJd8HQfo06K4gRzVYXye4ZUQA
Canada,CA,Ontario,CA-ON,,,postal_code,M9W,ChIJfZEOtT46K4gRG8X5DKq0DZQ
Canada,CA,Ontario,CA-ON,,,postal_code,N0A,ChIJ87kc4YvuLIgRyDuRPbHmIl8
Canada,CA,Ontario,CA-ON,,,postal_code,N0B,ChIJ6xSp0CyNK4gRaObS7AeUfoU
Canada,CA,Ontario,CA-ON,,,postal_code,N0C,ChIJ8Tzlsng-KogRv1ZoOHbkzFc
Canada,CA,Ontario,CA-ON,,,postal_code,N0E,ChIJFwLuraRILIgRjfv473p4LwI
Canada,CA,Ontario,CA-ON,,,postal_code,N0G,ChIJNZ4RDbF2KYgRZ5ax0kmZBSQ
Canada,CA,Ontario,CA-ON,,,postal_code,N0H,ChIJzYtWbEW5LE0RFAJUZ0xDR-o
Canada,CA,Ontario,CA-ON,,,postal_code,N0J,ChIJVRfj74cOLIgR2yoWVU4lMRw
Canada,CA,Ontario,CA-ON,,,postal_code,N0K,ChIJt3mJJ49JKYgRHKTTFyCNkiU
Canada,CA,Ontario,CA-ON,,,postal_code,N0L,ChIJaTDjo75bLogRkPdoh3h5HWY
Canada,CA,Ontario,CA-ON,,,postal_code,N0M,ChIJhyQDRojWLogRbwLzoFl7MTo
Canada,CA,Ontario,CA-ON,,,postal_code,N0N,ChIJgwLiXal-L4gR_22v40yXvDY
Canada,CA,Ontario,CA-ON,,,postal_code,N0P,ChIJ06mKfI1VJYgRirsedDDvYBk
Canada,CA,Ontario,CA-ON,,,postal_code,N0R,ChIJQW4d6HnnOogR5tyQKiV4bo8
Canada,CA,Ontario,CA-ON,,,postal_code,N1A,ChIJtRRXPEXELIgR60UC2kMtdls
Canada,CA,Ontario,CA-ON,,,postal_code,N1C,ChIJKSzE9vuEK4gRvTtvEF_PCgk
Canada,CA,Ontario,CA-ON,,,postal_code,N1E,ChIJz0DQjfiaK4gRG-fWIAYMzuo
Canada,CA,Ontario,CA-ON,,,postal_code,N1G,ChIJxdpT4dmEK4gRBwV20yU1_W0
Canada,CA,Ontario,CA-ON,,,postal_code,N1H,ChIJY8D7YamaK4gRngPnkFjMTTE
Canada,CA,Ontario,CA-ON,,,postal_code,N1L,ChIJp5EVIKaEK4gRHSEi5_gusCc
Canada,CA,Ontario,CA-ON,,,postal_code,N1M,ChIJ-y2QnA2-K4gR_h9WxF-ctwk
Canada,CA,Ontario,CA-ON,,,postal_code,N1P,ChIJFaQBSnF3LIgRvPgZea010WY
Canada,CA,Ontario,CA-ON,,,postal_code,N1R,ChIJ_9drst53LIgRFZXyKaA3On8
Canada,CA,Ontario,CA-ON,,,postal_code,N1S,ChIJncswN1t2LIgRg6aclMOZrXo
Canada,CA,Ontario,CA-ON,,,postal_code,N1T,ChIJs9dxyhKIK4gRDggF0SLho9Y
Canada,CA,Ontario,CA-ON,,,postal_code,N2A,ChIJN6IUaxaLK4gRQknG-uuBQPw
Canada,CA,Ontario,CA-ON,,,postal_code,N2B,ChIJ0d_R6laLK4gRRhjlHtBxGG0
Canada,CA,Ontario,CA-ON,,,postal_code,N2C,ChIJebydp86KK4gRO6b584mwSeQ
Canada,CA,Ontario,CA-ON,,,postal_code,N2E,ChIJdybbGpD1K4gRggWOnDck0Z0
Canada,CA,Ontario,CA-ON,,,postal_code,N2G,ChIJ39pjKPD0K4gRXTSAbx2lPR8
Canada,CA,Ontario,CA-ON,,,postal_code,N2H,ChIJU6EstZP0K4gRR3AVUuFiT-c
Canada,CA,Ontario,CA-ON,,,postal_code,N2J,ChIJOVYeX4jzK4gR1fUKlqel3W0
Canada,CA,Ontario,CA-ON,,,postal_code,N2K,ChIJI7UAQRHzK4gR68thOZt_SpE
Canada,CA,Ontario,CA-ON,,,postal_code,N2L,ChIJO8Yqh6r2K4gRx6lgFmKttu8
Canada,CA,Ontario,CA-ON,,,postal_code,N2M,ChIJpbpXaVL0K4gRjDZrvBM2kuw
Canada,CA,Ontario,CA-ON,,,postal_code,N2N,ChIJOa8nEdr1K4gRu9hWvseGtsA
Canada,CA,Ontario,CA-ON,,,postal_code,N2P,ChIJGfYqwJ2KK4gRJgMaKc-J3ug
Canada,CA,Ontario,CA-ON,,,postal_code,N2R,ChIJP1TblmEKLIgR--Jg_Y5YPOQ
Canada,CA,Ontario,CA-ON,,,postal_code,N2T,ChIJtZ4fA-v2K4gRZHPrzKFoBLI
Canada,CA,Ontario,CA-ON,,,postal_code,N2V,ChIJl71JAjXxK4gRBLXGTyCQiEI
Canada,CA,Ontario,CA-ON,,,postal_code,N2Z,ChIJvfSRNkRRKIgRxdZ-x-iUwvE
Canada,CA,Ontario,CA-ON,,,postal_code,N3A,ChIJmStQCg4HLIgR489iTLv6k1Q
Canada,CA,Ontario,CA-ON,,,postal_code,N3B,ChIJddBG7WHuK4gRYLR92ycYgb8
Canada,CA,Ontario,CA-ON,,,postal_code,N3C,ChIJ6Qv6Ku-IK4gRwWahMe6lpeo
Canada,CA,Ontario,CA-ON,,,postal_code,N3H,ChIJm5a5xe-JK4gRV9WisSa-UaA
Canada,CA,Ontario,CA-ON,,,postal_code,N3L,ChIJffV1E7VtLIgRl2Z3Es594DM
Canada,CA,Ontario,CA-ON,,,postal_code,N3P,ChIJ_6qmJ_xkLIgRZEGOOuBZWqQ
Canada,CA,Ontario,CA-ON,,,postal_code,N3R,ChIJ6Vcqy5NlLIgRoHjBi_sOTOo
Canada,CA,Ontario,CA-ON,,,postal_code,N3S,ChIJk9DqudVlLIgRg85MczjK75c
Canada,CA,Ontario,CA-ON,,,postal_code,N3T,ChIJFVTCy25mLIgRs2cICfBYJHI
Canada,CA,Ontario,CA-ON,,,postal_code,N3W,ChIJ4ytSvBqNLIgR473QhbDlRnY
Canada,CA,Ontario,CA-ON,,,postal_code,N3Y,ChIJE4FZetxNLIgRAELu4ENmrJQ
Canada,CA,Ontario,CA-ON,,,postal_code,N4G,ChIJ1x3q9O8rLIgRq1bT0b0xvak
Canada,CA,Ontario,CA-ON,,,postal_code,N4K,ChIJU73MjH38KYgRjczdatRapDs
Canada,CA,Ontario,CA-ON,,,postal_code,N4L,ChIJ6WHFODMIKogRt-h6cGSLse0
Canada,CA,Ontario,CA-ON,,,postal_code,N4N,ChIJ3Zm4oAibKYgR8vc5jPO6SyQ
Canada,CA,Ontario,CA-ON,,,postal_code,N4S,ChIJXzaGqmwfLIgRvu2ZD02SD1U
Canada,CA,Ontario,CA-ON,,,postal_code,N4V,ChIJF2J-s00fLIgRi5RhBUo59c0
Canada,CA,Ontario,CA-ON,,,postal_code,N4W,ChIJOenaiGRdKYgRFs44YvEavAM
Canada,CA,Ontario,CA-ON,,,postal_code,N4X,ChIJS1AX6Iq4LogR7A1272d73HE
Canada,CA,Ontario,CA-ON,,,postal_code,N4Z,ChIJjzCKPI2xLogR5yjTDWHA9q0
Canada,CA,Ontario,CA-ON,,,postal_code,N5A,ChIJGXjo1PatLogRcCmt70NMqyU
Canada,CA,Ontario,CA-ON,,,postal_code,N5C,ChIJIaZthRucLogRdKlYJTMGA2A
Canada,CA,Ontario,CA-ON,,,postal_code,N5H,ChIJO9EeddJ8LogR6gc9Bu-nolU
Canada,CA,Ontario,CA-ON,,,postal_code,N5P,ChIJM_V0fDZeLogRl4OtmQsNkQ8
Canada,CA,Ontario,CA-ON,,,postal_code,N5R,ChIJ23BtKAxeLogRIeP6yFsztYM
Canada,CA,Ontario,CA-ON,,,postal_code,N5V,ChIJudmoIy3tLogRYAZBKQrD0pU
Canada,CA,Ontario,CA-ON,,,postal_code,N5W,ChIJAXHnQqDyLogRBGRSTGEHrmo
Canada,CA,Ontario,CA-ON,,,postal_code,N5X,ChIJ-x_DSDjsLogR4syExOYUYYI
Canada,CA,Ontario,CA-ON,,,postal_code,N5Y,ChIJH6KWYb_tLogRU8zXj2fyHAM
Canada,CA,Ontario,CA-ON,,,postal_code,N5Z,ChIJdY5IqvnyLogRr4cXAhm6vPU
Canada,CA,Ontario,CA-ON,,,postal_code,N6A,ChIJCb0BLALuLogRUoC2coBNROM
Canada,CA,Ontario,CA-ON,,,postal_code,N6B,ChIJ9W9VVQXyLogR7anWIwO3n-I
Canada,CA,Ontario,CA-ON,,,postal_code,N6C,ChIJsQC3DzbyLogRNeHZeKeAAIY
Canada,CA,Ontario,CA-ON,,,postal_code,N6E,ChIJ3-y-eInzLogRGaCQEVSYAb0
Canada,CA,Ontario,CA-ON,,,postal_code,N6G,ChIJVeOrtLfvLogRJUO-gB-gKRg
Canada,CA,Ontario,CA-ON,,,postal_code,N6H,ChIJ94z9xAXwLogRgZXWyWdIrVY
Canada,CA,Ontario,CA-ON,,,postal_code,N6J,ChIJU8PtugrxLogR7a6WVf-F79U
Canada,CA,Ontario,CA-ON,,,postal_code,N6K,ChIJtxt-PoPwLogRaCx57MtDvGo
Canada,CA,Ontario,CA-ON,,,postal_code,N6L,ChIJYUnSyiv0LogRr-PjQ0W4pqg
Canada,CA,Ontario,CA-ON,,,postal_code,N6M,ChIJsxrUwUKNLogRx_UYcp4EMXA
Canada,CA,Ontario,CA-ON,,,postal_code,N6N,ChIJ43OCtEWLLogRyC42DypisNs
Canada,CA,Ontario,CA-ON,,,postal_code,N6P,ChIJrYIuSXj3LogRNttwwd__m_4
Canada,CA,Ontario,CA-ON,,,postal_code,N7A,ChIJG_4QqtPlKIgRq7PHx7r5zqA
Canada,CA,Ontario,CA-ON,,,postal_code,N7G,ChIJH7lsABoEL4gRcfnb-QRf37U
Canada,CA,Ontario,CA-ON,,,postal_code,N7L,ChIJ91tWcxX4L4gRLkDJPZwcaaQ
Canada,CA,Ontario,CA-ON,,,postal_code,N7M,ChIJ0_tG_e_4L4gRx4Ya9H2zkv0
Canada,CA,Ontario,CA-ON,,,postal_code,N7S,ChIJBYaBmWWDJYgR_wbFaErTWfk
Canada,CA,Ontario,CA-ON,,,postal_code,N7T,ChIJtQRxBhmdJYgRYKcHGTTIjXg
Canada,CA,Ontario,CA-ON,,,postal_code,N7V,ChIJs4lOLlSbJYgR5_GSEI7DH2I
Canada,CA,Ontario,CA-ON,,,postal_code,N7W,ChIJT-m1iMCDJYgRcY0mswFliSc
Canada,CA,Ontario,CA-ON,,,postal_code,N7X,ChIJh0c5-ROEJYgRAWaHj0QJnlk
Canada,CA,Ontario,CA-ON,,,postal_code,N8A,ChIJ24yE0O1CJYgRuSm8s9b4MWs
Canada,CA,Ontario,CA-ON,,,postal_code,N8H,ChIJ5euTi_7AOogRH6udVdlZTeE
Canada,CA,Ontario,CA-ON,,,postal_code,N8M,ChIJJ5a8LvzZOogRu9ZaoNen-_4
Canada,CA,Ontario,CA-ON,,,postal_code,N8N,ChIJmSY07qbVOogRrRjy2THv3h4
Canada,CA,Ontario,CA-ON,,,postal_code,N8P,ChIJ_UmXwqwqO4gRMqb4ZnMlF8w
Canada,CA,Ontario,CA-ON,,,postal_code,N8R,ChIJl-2mQ5oqO4gR4kN9Isbn9Kc
Canada,CA,Ontario,CA-ON,,,postal_code,N8S,ChIJeeg9HSorO4gRBtOKi7vDJoA
Canada,CA,Ontario,CA-ON,,,postal_code,N8T,ChIJy1w6SeMqO4gR5HdBCwmK5A0
Canada,CA,Ontario,CA-ON,,,postal_code,N8W,ChIJvTUqT74rO4gRCEHGwzfGB2E
Canada,CA,Ontario,CA-ON,,,postal_code,N8X,ChIJO1NTzFwsO4gRQFbOw5wUYzs
Canada,CA,Ontario,CA-ON,,,postal_code,N8Y,ChIJP3KQn5UsO4gR7SvBBOnsbiM
Canada,CA,Ontario,CA-ON,,,postal_code,N9A,ChIJM1J8qeMsO4gRuUDBZLLxBKM
Canada,CA,Ontario,CA-ON,,,postal_code,N9B,ChIJ1R2GxqUtO4gRcgxWV4-NAlw
Canada,CA,Ontario,CA-ON,,,postal_code,N9C,ChIJ-cy3GvYtO4gRA1OXoR4QKww
Canada,CA,Ontario,CA-ON,,,postal_code,N9E,ChIJMXxR_C4sO4gRWsHNzzyBY3g
Canada,CA,Ontario,CA-ON,,,postal_code,N9G,ChIJB4XzPLIuO4gRca3iv4lNXlg
Canada,CA,Ontario,CA-ON,,,postal_code,N9H,ChIJbxw82QIvO4gRNGgaxrqI_qk
Canada,CA,Ontario,CA-ON,,,postal_code,N9J,ChIJYRLtgiouO4gRwHDWiHE7XgI
Canada,CA,Ontario,CA-ON,,,postal_code,N9V,ChIJhW8cdpw8O4gRoI7DoF6JhDA
Canada,CA,Ontario,CA-ON,,,postal_code,N9Y,ChIJNb9uVjDdOogRuPcfH3dipjs
Canada,CA,Ontario,CA-ON,,,postal_code,P0A,ChIJjzYICb3-1UwRxrXztN8jL34
Canada,CA,Ontario,CA-ON,,,postal_code,P0B,ChIJbQOtmzZlKk0RFpo4gC_UAl4
Canada,CA,Ontario,CA-ON,,,postal_code,P0C,ChIJ110is6NfKk0RRJEGtvS8AXA
Canada,CA,Ontario,CA-ON,,,postal_code,P0E,ChIJ12GONnaUKk0RJqAol_veRtE
Canada,CA,Ontario,CA-ON,,,postal_code,P0G,ChIJgbaOK1byK00Rw_wW2neC3OQ
Canada,CA,Ontario,CA-ON,,,postal_code,P0H,ChIJqTU89zlfKE0RYw9iX-s5xss
Canada,CA,Ontario,CA-ON,,,postal_code,P0J,ChIJsf-_3jS0JU0RNUNBh0b20bA
Canada,CA,Ontario,CA-ON,,,postal_code,P0K,ChIJcT8QoD6CI00RQti3TFZOfTE
Canada,CA,Ontario,CA-ON,,,postal_code,P0L,ChIJC67jZKwJbU0RV525wAsTUKY
Canada,CA,Ontario,CA-ON,,,postal_code,P0M,ChIJQXcuAlWAOU0R4des-2bMmaE
Canada,CA,Ontario,CA-ON,,,postal_code,P0N,ChIJzQfxIyK5PE0RP1zt2dBVg-Y
Canada,CA,Ontario,CA-ON,,,postal_code,P0P,ChIJTSk--nmKMU0RPrWJZ4Hdfac
Canada,CA,Ontario,CA-ON,,,postal_code,P0R,ChIJWeL5q58tMU0RPeqGQyAeq5o
Canada,CA,Ontario,CA-ON,,,postal_code,P0S,ChIJ7-AF-RXiR00R-mFTwfDZ1lI
Canada,CA,Ontario,CA-ON,,,postal_code,P0T,ChIJO9BwgD7AXU0R5QB_79f3X6I
Canada,CA,Ontario,CA-ON,,,postal_code,P0V,ChIJQyiu_M2KfU0RpKot9gIPITQ
Canada,CA,Ontario,CA-ON,,,postal_code,P0W,ChIJnR2jTZ9Vu1IRALGZctL5nFg
Canada,CA,Ontario,CA-ON,,,postal_code,P0X,ChIJr91n3F3cvVIRIlb9kVC5eVY
Canada,CA,Ontario,CA-ON,,,postal_code,P0Y,ChIJzdfVa_yLlVIRDZI_CGpYTbI
Canada,CA,Ontario,CA-ON,,,postal_code,P1A,ChIJLzD600yqKU0RHusoub3zBPs
Canada,CA,Ontario,CA-ON,,,postal_code,P1B,ChIJcbERkJiqKU0Rg1xONdvVYhs
Canada,CA,Ontario,CA-ON,,,postal_code,P1H,ChIJT9wT5i5yKk0Rrt7UimKfN8g
Canada,CA,Ontario,CA-ON,,,postal_code,P1L,ChIJl6QpfIaGKk0RLOhgRKqdmOI
Canada,CA,Ontario,CA-ON,,,postal_code,P1P,ChIJr8rPruiaKk0R0Mnh8LmOgtQ
Canada,CA,Ontario,CA-ON,,,postal_code,P2A,ChIJXbe6spq6K00RuBsoWe_nqUA
Canada,CA,Ontario,CA-ON,,,postal_code,P2B,ChIJ9bl8ybYgKU0RsstPflhUZj8
Canada,CA,Ontario,CA-ON,,,postal_code,P2N,ChIJ0dsdoupyJE0RtMEBBDCvRO0
Canada,CA,Ontario,CA-ON,,,postal_code,P3A,ChIJ9fzkEJ4AL00RzbDxJaRj0Ik
Canada,CA,Ontario,CA-ON,,,postal_code,P3B,ChIJdyfAwW8AL00RTzEaDMD0Z2E
Canada,CA,Ontario,CA-ON,,,postal_code,P3C,ChIJm8ijxBirL00Rt9a84vH9pqg
Canada,CA,Ontario,CA-ON,,,postal_code,P3E,ChIJpcM0OixVLk0R_sYTWs5oHZI
Canada,CA,Ontario,CA-ON,,,postal_code,P3G,ChIJow7r4W5VLk0REJdvUQaZoBM
Canada,CA,Ontario,CA-ON,,,postal_code,P3L,ChIJPzKfYMMGL00R2kZovyP-pOI
Canada,CA,Ontario,CA-ON,,,postal_code,P3N,ChIJm2jL7lKvL00RIO_389_HWyM
Canada,CA,Ontario,CA-ON,,,postal_code,P3P,ChIJXTyprkemL00RsncnfxXK-9k
Canada,CA,Ontario,CA-ON,,,postal_code,P3Y,ChIJHZuwPztSLk0RP6qstQdX8pk
Canada,CA,Ontario,CA-ON,,,postal_code,P4N,ChIJbxc4auGlPE0RDhKL19xfyz0
Canada,CA,Ontario,CA-ON,,,postal_code,P5A,ChIJrYR-LxcOMU0RhWkrwQ3LZ3M
Canada,CA,Ontario,CA-ON,,,postal_code,P5E,ChIJn8AJzI3fMU0RnGxwg8RoNgw
Canada,CA,Ontario,CA-ON,,,postal_code,P5N,ChIJ36w-IVXePU0RpqJ8whuUIJw
Canada,CA,Ontario,CA-ON,,,postal_code,P6A,ChIJ44LN0Dw4Nk0RwaJwgkrNXrY
Canada,CA,Ontario,CA-ON,,,postal_code,P6B,ChIJ08uKTfQ3Nk0Rk_-LF1Kwlww
Canada,CA,Ontario,CA-ON,,,postal_code,P6C,ChIJcxz7JKowNk0RjlI_1jqqzZE
Canada,CA,Ontario,CA-ON,,,postal_code,P7A,ChIJFdiegJkjWU0RAe0Rk7vz27I
Canada,CA,Ontario,CA-ON,,,postal_code,P7B,ChIJte6XgJAhWU0RHXqUBGQvIhw
Canada,CA,Ontario,CA-ON,,,postal_code,P7C,ChIJVdWJ3mQfWU0RBxImJTJDd1U
Canada,CA,Ontario,CA-ON,,,postal_code,P7E,ChIJnwcGcs8YWU0RHfju3Lg_GB0
Canada,CA,Ontario,CA-ON,,,postal_code,P7G,ChIJPYwXS0wnWU0Rbt5P0smEyyw
Canada,CA,Ontario,CA-ON,,,postal_code,P7J,ChIJo2ySkugdWU0RLOw0MQn8qs0
Canada,CA,Ontario,CA-ON,,,postal_code,P7K,ChIJmz7_LEPgWE0RQNFUDfsB6rE
Canada,CA,Ontario,CA-ON,,,postal_code,P7L,ChIJgWnpyDn6WE0RxOclH5DRq8k
Canada,CA,Ontario,CA-ON,,,postal_code,P8N,ChIJbQQ2zJqxolIR-8IzpWYHsfE
Canada,CA,Ontario,CA-ON,,,postal_code,P8T,ChIJhyjnKO6bmFIRg5G-o5Ti-Hk
Canada,CA,Ontario,CA-ON,,,postal_code,P9A,ChIJ6fJVQEd8u1IRLWrsu2zx7pU
Canada,CA,Ontario,CA-ON,,,postal_code,P9N,ChIJRy5qLmgHvlIRph5eR7w3yUc
Canada,CA,Ontario,CA-ON,,,,,ChIJrxNRX7IFzkwRCR5iKVZC-HA
Canada,CA,Prince Edward Island,CA-PE,,,postal_code,C0A,ChIJZ34u0HpBXksRYQxwlO1ppo4
Canada,CA,Prince Edward Island,CA-PE,,,postal_code,C0B,ChIJnfPdoKd0oEwRytgEp4F14G4
Canada,CA,Prince Edward Island,CA-PE,,,postal_code,C1A,ChIJC3QfibBSXksRGFIPuGTIIxY
Canada,CA,Prince Edward Island,CA-PE,,,postal_code,C1B,ChIJj9sqaHhRXksReLIbEYUdS_s
Canada,CA,Prince Edward Island,CA-PE,,,postal_code,C1C,ChIJjWNflltNXksRK3XA3q55EDI
Canada,CA,Prince Edward Island,CA-PE,,,postal_code,C1E,ChIJXfnoPxmyX0sRCCytZ2e5d5c
Canada,CA,Prince Edward Island,CA-PE,,,postal_code,C1N,ChIJl7zMcc2aX0sRyTPndfTVdB0
Canada,CA,Prince Edward Island,CA-PE,,,,,ChIJxYN_1N1SXksRhmaS9NXWaKk
Canada,CA,Saskatchewan,CA-SK,,,postal_code,S0A,ChIJD_yzE1vs4lIRIkMazvJbsCI
Canada,CA,Saskatchewan,CA-SK,,,postal_code,S0C,ChIJQwDVy66cH1MRgPsEvAS6fmU
Canada,CA,Saskatchewan,CA-SK,,,postal_code,S0E,ChIJyVJekLKa_lIRRi9M_MtFoJo
Canada,CA,Saskatchewan,CA-SK,,,postal_code,S0G,ChIJyYAo9UjSHVMR-WRdzdBgumc
Canada,CA,Saskatchewan,CA-SK,,,postal_code,S0H,ChIJLcSg67ooGlMRe_u8dHqvEQY
Canada,CA,Saskatchewan,CA-SK,,,postal_code,S0J,ChIJs-qNBRg4U1IRl4OojB2pb-I
Canada,CA,Saskatchewan,CA-SK,,,postal_code,S0K,ChIJww4-y9NaBFMRoqf5kn42LKk
Canada,CA,Saskatchewan,CA-SK,,,postal_code,S0L,ChIJi3eScLC9D1MRW66PT6nbwh0
Canada,CA,Saskatchewan,CA-SK,,,postal_code,S0M,ChIJsQqy8RmQqVMRwAOsm-PjgN0
Canada,CA,Saskatchewan,CA-SK,,,postal_code,S0N,ChIJH1JxXuBPEVMRUsTGy6JgzcI
Canada,CA,Saskatchewan,CA-SK,,,postal_code,S0P,ChIJ3ddpyEWOVlIRyD59eX4-H1Y
Canada,CA,Saskatchewan,CA-SK,,,postal_code,S3N,ChIJK2qF9byt41IR8e30CnEcBL0
Canada,CA,Saskatchewan,CA-SK,,,postal_code,S4A,ChIJ__2NWcciIFMRU1XaPQPuC94
Canada,CA,Saskatchewan,CA-SK,,,postal_code,S4H,ChIJR8VveZcPH1MRLs0aDbh0_io
Canada,CA,Saskatchewan,CA-SK,,,postal_code,S4L,ChIJ_dt7Tp-dHlMRwo7vv-Prhes
Canada,CA,Saskatchewan,CA-SK,,,postal_code,S4M,ChIJNwBJLxAdHFMRLO0YZgGaiM4
Canada,CA,Saskatchewan,CA-SK,,,postal_code,S4N,ChIJbeNkSJQfHFMRcibHxbJmLzI
Canada,CA,Saskatchewan,CA-SK,,,postal_code,S4P,ChIJNco4nzkeHFMRaw9LNXXasTA
Canada,CA,Saskatchewan,CA-SK,,,postal_code,S4R,ChIJN9TmNekeHFMRZqn1jrPEb4U
Canada,CA,Saskatchewan,CA-SK,,,postal_code,S4S,ChIJAavIMaKgHlMRKBGfGsp43Kc
Canada,CA,Saskatchewan,CA-SK,,,postal_code,S4T,ChIJu4cDWNMdHFMRpeBLDaJ7Irw
Canada,CA,Saskatchewan,CA-SK,,,postal_code,S4V,ChIJF7bHlRKgHlMRb9-u6mPUin4
Canada,CA,Saskatchewan,CA-SK,,,postal_code,S4W,ChIJb5rQz-0dHFMR-rmg7msH5Yo
Canada,CA,Saskatchewan,CA-SK,,,postal_code,S4X,ChIJT0l8baUeHFMRkSmNoyKMQTM
Canada,CA,Saskatchewan,CA-SK,,,postal_code,S6H,ChIJl7BpRyHcG1MR5admryU2q90
Canada,CA,Saskatchewan,CA-SK,,,postal_code,S6J,ChIJ2zyserPdG1MRpAIJOlTgq5Y
Canada,CA,Saskatchewan,CA-SK,,,postal_code,S6K,ChIJJUuMd-LbG1MRDh7xbAcsvIk
Canada,CA,Saskatchewan,CA-SK,,,postal_code,S6V,ChIJN3QmIGF6AVMReYkFtak3Dq0
Canada,CA,Saskatchewan,CA-SK,,,postal_code,S7H,ChIJucQgbEXxBFMRmxHvRchauEI
Canada,CA,Saskatchewan,CA-SK,,,postal_code,S7J,ChIJwZHOoxHxBFMRkAHoMg0oze8
Canada,CA,Saskatchewan,CA-SK,,,postal_code,S7K,ChIJJz8-VMn1BFMRzLNKcAcijBw
Canada,CA,Saskatchewan,CA-SK,,,postal_code,S7L,ChIJC9n14qD3BFMRPH_G3dsGtRo
Canada,CA,Saskatchewan,CA-SK,,,postal_code,S7M,ChIJN7vvyqrwBFMRv8U3Vcu1QKk
Canada,CA,Saskatchewan,CA-SK,,,postal_code,S7N,ChIJGWXZoqn2BFMRGaw6e_pXiQY
Canada,CA,Saskatchewan,CA-SK,,,postal_code,S7R,ChIJQyAmHyH2BFMRY_W_Ygfr_Rs
Canada,CA,Saskatchewan,CA-SK,,,postal_code,S7S,ChIJmZXKbUT0BFMRwsAZvjqyR-M
Canada,CA,Saskatchewan,CA-SK,,,postal_code,S7T,ChIJDWOx4GjwBFMRjQN1Hratsa0
Canada,CA,Saskatchewan,CA-SK,,,postal_code,S7V,ChIJKxC8-LbzBFMR_8mrDErf5jc
Canada,CA,Saskatchewan,CA-SK,,,postal_code,S7W,ChIJeTRbiIv0BFMR2yxjUa0Ur7E
Canada,CA,Saskatchewan,CA-SK,,,postal_code,S9A,ChIJZQ-s4UsEBlMRlYpHDjsTAZ8
Canada,CA,Saskatchewan,CA-SK,,,postal_code,S9H,ChIJezdRts7fEFMRMNGhFWbsbx0
Canada,CA,Saskatchewan,CA-SK,,,postal_code,S9V,ChIJbeEWdaayCVMR579z5IDJ9oU
Canada,CA,Saskatchewan,CA-SK,,,postal_code,S9X,ChIJO4jg77crqFMRxdJn3qV4uLE
Canada,CA,Saskatchewan,CA-SK,,,,,ChIJL3ZlI7Fx-FIRK-HCklcrNBU
Canada,CA,,,,,,,ChIJ2WrMN9MDDUsRpY9Doiq3aJk
