date,country_region,country_region_code,sub_region_1,sub_region_1_code,sub_region_2,sub_region_2_code,sub_region_3,sub_region_3_code,place_id,sni_covid19_vaccination,sni_vaccination_intent,sni_safety_side_effects
2021-01-04,United States,US,,,,,,,ChIJCzYy5IS16lQRQrfeQ5K5Oxw,53.694,19.203,8.406
2021-01-11,United States,US,,,,,,,ChIJCzYy5IS16lQRQrfeQ5K5Oxw,68.252,28.211,8.266
2021-01-18,United States,US,,,,,,,ChIJCzYy5IS16lQRQrfeQ5K5Oxw,60.840,25.219,7.378
2021-01-25,United States,US,,,,,,,ChIJCzYy5IS16lQRQrfeQ5K5Oxw,61.072,24.518,7.711
2021-02-01,United States,US,,,,,,,ChIJCzYy5IS16lQRQrfeQ5K5Oxw,56.989,23.223,7.750
2021-02-08,United States,US,,,,,,,ChIJCzYy5IS16lQRQrfeQ5K5Oxw,66.057,30.287,10.835
2021-02-15,United States,US,,,,,,,ChIJCzYy5IS16lQRQrfeQ5K5Oxw,62.342,28.564,11.488
2021-02-22,United States,US,,,,,,,ChIJCzYy5IS16lQRQrfeQ5K5Oxw,70.689,32.243,12.336
2021-03-01,United States,US,,,,,,,ChIJCzYy5IS16lQRQrfeQ5K5Oxw,87.899,43.236,14.896
2021-03-08,United States,US,,,,,,,ChIJCzYy5IS16lQRQrfeQ5K5Oxw,100.000,48.223,17.290
2021-03-15,United States,US,,,,,,,ChIJCzYy5IS16lQRQrfeQ5K5Oxw,93.347,42.402,17.673
2021-03-22,United States,US,,,,,,,ChIJCzYy5IS16lQRQrfeQ5K5Oxw,93.006,41.237,18.349
2021-03-29,United States,US,,,,,,,ChIJCzYy5IS16lQRQrfeQ5K5Oxw,99.096,43.053,21.152
2021-04-05,United States,US,,,,,,,ChIJCzYy5IS16lQRQrfeQ5K5Oxw,95.537,33.291,23.391
2021-04-12,United States,US,,,,,,,ChIJCzYy5IS16lQRQrfeQ5K5Oxw,72.037,18.095,21.906
2021-04-19,United States,US,,,,,,,ChIJCzYy5IS16lQRQrfeQ5K5Oxw,55.185,13.297,20.327
2021-04-26,United States,US,,,,,,,ChIJCzYy5IS16lQRQrfeQ5K5Oxw,62.795,23.396,17.461
2021-05-03,United States,US,,,,,,,ChIJCzYy5IS16lQRQrfeQ5K5Oxw,44.188,8.522,14.941
2021-05-10,United States,US,,,,,,,ChIJCzYy5IS16lQRQrfeQ5K5Oxw,51.568,11.948,13.811
2021-05-17,United States,US,,,,,,,ChIJCzYy5IS16lQRQrfeQ5K5Oxw,42.864,9.565,11.954
2021-05-24,United States,US,,,,,,,ChIJCzYy5IS16lQRQrfeQ5K5Oxw,34.189,7.476,9.023
2021-05-31,United States,US,,,,,,,ChIJCzYy5IS16lQRQrfeQ5K5Oxw,29.344,6.958,6.756
2021-06-07,United States,US,,,,,,,ChIJCzYy5IS16lQRQrfeQ5K5Oxw,28.595,6.438,7.375
2021-06-14,United States,US,,,,,,,ChIJCzYy5IS16lQRQrfeQ5K5Oxw,26.997,6.523,5.921
2021-06-21,United States,US,,,,,,,ChIJCzYy5IS16lQRQrfeQ5K5Oxw,26.537,5.575,5.325
2021-06-28,United States,US,,,,,,,ChIJCzYy5IS16lQRQrfeQ5K5Oxw,24.148,5.327,4.421
2021-07-05,United States,US,,,,,,,ChIJCzYy5IS16lQRQrfeQ5K5Oxw,26.058,5.131,4.406
2021-07-12,United States,US,,,,,,,ChIJCzYy5IS16lQRQrfeQ5K5Oxw,28.078,5.212,4.941
2021-07-19,United States,US,,,,,,,ChIJCzYy5IS16lQRQrfeQ5K5Oxw,37.589,6.367,6.294
2021-07-26,United States,US,,,,,,,ChIJCzYy5IS16lQRQrfeQ5K5Oxw,47.477,8.006,7.322
2021-08-02,United States,US,,,,,,,ChIJCzYy5IS16lQRQrfeQ5K5Oxw,69.349,13.204,8.837
2021-08-09,United States,US,,,,,,,ChIJCzYy5IS16lQRQrfeQ5K5Oxw,55.890,8.703,8.833
2021-08-16,United States,US,,,,,,,ChIJCzYy5IS16lQRQrfeQ5K5Oxw,54.604,8.483,8.767
2021-08-23,United States,US,,,,,,,ChIJCzYy5IS16lQRQrfeQ5K5Oxw,55.674,7.926,8.748
2021-08-30,United States,US,,,,,,,ChIJCzYy5IS16lQRQrfeQ5K5Oxw,56.307,22.808,8.086
2021-09-06,United States,US,,,,,,,ChIJCzYy5IS16lQRQrfeQ5K5Oxw,41.003,6.258,7.778
2021-09-13,United States,US,,,,,,,ChIJCzYy5IS16lQRQrfeQ5K5Oxw,37.210,5.873,7.688
2021-09-20,United States,US,,,,,,,ChIJCzYy5IS16lQRQrfeQ5K5Oxw,33.753,5.899,6.407
2021-09-27,United States,US,,,,,,,ChIJCzYy5IS16lQRQrfeQ5K5Oxw,35.467,5.991,5.386
2021-10-04,United States,US,,,,,,,ChIJCzYy5IS16lQRQrfeQ5K5Oxw,30.802,4.694,4.372
2021-10-11,United States,US,,,,,,,ChIJCzYy5IS16lQRQrfeQ5K5Oxw,29.877,4.333,3.670
2021-10-18,United States,US,,,,,,,ChIJCzYy5IS16lQRQrfeQ5K5Oxw,33.423,5.567,3.488
2021-10-25,United States,US,,,,,,,ChIJCzYy5IS16lQRQrfeQ5K5Oxw,34.263,5.727,3.613
2021-11-01,United States,US,,,,,,,ChIJCzYy5IS16lQRQrfeQ5K5Oxw,43.786,7.621,3.923
2021-11-08,United States,US,,,,,,,ChIJCzYy5IS16lQRQrfeQ5K5Oxw,44.686,7.501,4.229
2021-11-15,United States,US,,,,,,,ChIJCzYy5IS16lQRQrfeQ5K5Oxw,46.457,8.683,4.335
2021-11-22,United States,US,,,,,,,ChIJCzYy5IS16lQRQrfeQ5K5Oxw,36.846,6.947,3.569
2021-11-29,United States,US,,,,,,,ChIJCzYy5IS16lQRQrfeQ5K5Oxw,46.080,9.815,4.223
2021-12-06,United States,US,,,,,,,ChIJCzYy5IS16lQRQrfeQ5K5Oxw,37.618,7.585,3.780
2021-12-13,United States,US,,,,,,,ChIJCzYy5IS16lQRQrfeQ5K5Oxw,43.566,8.492,3.955
2021-12-20,United States,US,,,,,,,ChIJCzYy5IS16lQRQrfeQ5K5Oxw,48.483,8.832,3.825
2021-12-27,United States,US,,,,,,,ChIJCzYy5IS16lQRQrfeQ5K5Oxw,42.028,7.424,3.635
2022-01-03,United States,US,,,,,,,ChIJCzYy5IS16lQRQrfeQ5K5Oxw,45.254,7.711,3.816
2022-01-10,United States,US,,,,,,,ChIJCzYy5IS16lQRQrfeQ5K5Oxw,39.551,5.611,3.441
2022-01-17,United States,US,,,,,,,ChIJCzYy5IS16lQRQrfeQ5K5Oxw,70.983,31.535,2.633
2022-01-24,United States,US,,,,,,,ChIJCzYy5IS16lQRQrfeQ5K5Oxw,22.927,3.157,2.192
2022-01-31,United States,US,,,,,,,ChIJCzYy5IS16lQRQrfeQ5K5Oxw,16.941,2.380,1.870
2022-02-07,United States,US,,,,,,,ChIJCzYy5IS16lQRQrfeQ5K5Oxw,14.793,2.350,1.802
2022-02-14,United States,US,,,,,,,ChIJCzYy5IS16lQRQrfeQ5K5Oxw,12.571,2.142,1.473
2022-02-21,United States,US,,,,,,,ChIJCzYy5IS16lQRQrfeQ5K5Oxw,10.355,1.773,1.210
2022-02-28,United States,US,,,,,,,ChIJCzYy5IS16lQRQrfeQ5K5Oxw,10.931,1.724,1.332
2022-03-07,United States,US,,,,,,,ChIJCzYy5IS16lQRQrfeQ5K5Oxw,10.351,1.433,1.205
2022-03-14,United States,US,,,,,,,ChIJCzYy5IS16lQRQrfeQ5K5Oxw,9.720,1.268,0.985
2022-03-21,United States,US,,,,,,,ChIJCzYy5IS16lQRQrfeQ5K5Oxw,8.972,1.263,0.964
2022-03-28,United States,US,,,,,,,ChIJCzYy5IS16lQRQrfeQ5K5Oxw,12.801,2.155,1.087
2022-04-04,United States,US,,,,,,,ChIJCzYy5IS16lQRQrfeQ5K5Oxw,11.451,1.925,1.043
2022-04-11,United States,US,,,,,,,ChIJCzYy5IS16lQRQrfeQ5K5Oxw,10.477,1.733,0.995
2022-04-18,United States,US,,,,,,,ChIJCzYy5IS16lQRQrfeQ5K5Oxw,10.071,1.575,0.990
2022-04-25,United States,US,,,,,,,ChIJCzYy5IS16lQRQrfeQ5K5Oxw,9.508,1.416,0.996
2022-05-02,United States,US,,,,,,,ChIJCzYy5IS16lQRQrfeQ5K5Oxw,10.144,1.369,1.098
2022-05-09,United States,US,,,,,,,ChIJCzYy5IS16lQRQrfeQ5K5Oxw,9.828,1.471,1.014
2022-05-16,United States,US,,,,,,,ChIJCzYy5IS16lQRQrfeQ5K5Oxw,10.614,1.669,1.021
2022-05-23,United States,US,,,,,,,ChIJCzYy5IS16lQRQrfeQ5K5Oxw,9.123,1.371,0.970
2022-05-30,United States,US,,,,,,,ChIJCzYy5IS16lQRQrfeQ5K5Oxw,8.677,1.259,0.911
2022-06-06,United States,US,,,,,,,ChIJCzYy5IS16lQRQrfeQ5K5Oxw,9.181,1.192,0.955
2022-06-13,United States,US,,,,,,,ChIJCzYy5IS16lQRQrfeQ5K5Oxw,9.166,1.263,0.935
2022-06-20,United States,US,,,,,,,ChIJCzYy5IS16lQRQrfeQ5K5Oxw,9.792,1.558,0.978
2022-06-27,United States,US,,,,,,,ChIJCzYy5IS16lQRQrfeQ5K5Oxw,8.536,1.145,0.921
2022-07-04,United States,US,,,,,,,ChIJCzYy5IS16lQRQrfeQ5K5Oxw,8.480,1.144,0.851
2022-07-11,United States,US,,,,,,,ChIJCzYy5IS16lQRQrfeQ5K5Oxw,10.490,1.501,1.082
2022-07-18,United States,US,,,,,,,ChIJCzYy5IS16lQRQrfeQ5K5Oxw,9.790,1.260,1.147
2022-07-25,United States,US,,,,,,,ChIJCzYy5IS16lQRQrfeQ5K5Oxw,8.477,1.024,1.023
2022-08-01,United States,US,,,,,,,ChIJCzYy5IS16lQRQrfeQ5K5Oxw,7.608,0.948,0.904
2022-08-08,United States,US,,,,,,,ChIJCzYy5IS16lQRQrfeQ5K5Oxw,6.900,0.845,0.835
2022-08-15,United States,US,,,,,,,ChIJCzYy5IS16lQRQrfeQ5K5Oxw,6.728,0.757,0.787
2022-08-22,United States,US,,,,,,,ChIJCzYy5IS16lQRQrfeQ5K5Oxw,6.457,0.663,0.747
2022-08-29,United States,US,,,,,,,ChIJCzYy5IS16lQRQrfeQ5K5Oxw,8.658,1.258,0.681
2022-09-05,United States,US,,,,,,,ChIJCzYy5IS16lQRQrfeQ5K5Oxw,11.962,2.358,0.861
2022-09-12,United States,US,,,,,,,ChIJCzYy5IS16lQRQrfeQ5K5Oxw,12.025,2.246,0.948
2022-09-19,United States,US,,,,,,,ChIJCzYy5IS16lQRQrfeQ5K5Oxw,10.912,1.983,0.943
2022-09-26,United States,US,,,,,,,ChIJCzYy5IS16lQRQrfeQ5K5Oxw,9.628,1.652,1.125
2022-10-03,United States,US,,,,,,,ChIJCzYy5IS16lQRQrfeQ5K5Oxw,9.792,1.809,1.171
2022-10-10,United States,US,,,,,,,ChIJCzYy5IS16lQRQrfeQ5K5Oxw,10.861,1.896,1.316
2022-10-17,United States,US,,,,,,,ChIJCzYy5IS16lQRQrfeQ5K5Oxw,10.543,1.777,1.261
2022-10-24,United States,US,,,,,,,ChIJCzYy5IS16lQRQrfeQ5K5Oxw,9.933,1.893,1.169
2022-10-31,United States,US,,,,,,,ChIJCzYy5IS16lQRQrfeQ5K5Oxw,7.878,1.264,1.012
2022-11-07,United States,US,,,,,,,ChIJCzYy5IS16lQRQrfeQ5K5Oxw,6.678,1.064,0.856
2022-11-14,United States,US,,,,,,,ChIJCzYy5IS16lQRQrfeQ5K5Oxw,6.592,0.983,0.893
2022-11-21,United States,US,,,,,,,ChIJCzYy5IS16lQRQrfeQ5K5Oxw,5.999,0.737,0.782
2022-11-28,United States,US,,,,,,,ChIJCzYy5IS16lQRQrfeQ5K5Oxw,6.242,0.799,0.787
2022-12-05,United States,US,,,,,,,ChIJCzYy5IS16lQRQrfeQ5K5Oxw,6.711,0.855,0.804
2022-12-12,United States,US,,,,,,,ChIJCzYy5IS16lQRQrfeQ5K5Oxw,6.962,0.871,1.037
2022-12-19,United States,US,,,,,,,ChIJCzYy5IS16lQRQrfeQ5K5Oxw,5.313,0.606,0.708
2022-12-26,United States,US,,,,,,,ChIJCzYy5IS16lQRQrfeQ5K5Oxw,5.258,0.617,0.682
2023-01-02,United States,US,,,,,,,ChIJCzYy5IS16lQRQrfeQ5K5Oxw,7.469,0.635,1.044
2023-01-09,United States,US,,,,,,,ChIJCzYy5IS16lQRQrfeQ5K5Oxw,7.533,0.538,1.363
2023-01-16,United States,US,,,,,,,ChIJCzYy5IS16lQRQrfeQ5K5Oxw,5.755,0.422,0.952
2023-01-23,United States,US,,,,,,,ChIJCzYy5IS16lQRQrfeQ5K5Oxw,6.141,0.363,0.722
2023-01-30,United States,US,,,,,,,ChIJCzYy5IS16lQRQrfeQ5K5Oxw,4.782,0.339,0.589
2023-02-06,United States,US,,,,,,,ChIJCzYy5IS16lQRQrfeQ5K5Oxw,4.246,0.356,0.515
2023-02-13,United States,US,,,,,,,ChIJCzYy5IS16lQRQrfeQ5K5Oxw,4.070,0.309,0.567
2023-02-20,United States,US,,,,,,,ChIJCzYy5IS16lQRQrfeQ5K5Oxw,3.688,0.285,0.475
2023-02-27,United States,US,,,,,,,ChIJCzYy5IS16lQRQrfeQ5K5Oxw,3.711,0.268,0.473
2023-03-06,United States,US,,,,,,,ChIJCzYy5IS16lQRQrfeQ5K5Oxw,3.506,0.263,0.402
2023-03-13,United States,US,,,,,,,ChIJCzYy5IS16lQRQrfeQ5K5Oxw,3.258,0.250,0.386
2023-03-20,United States,US,,,,,,,ChIJCzYy5IS16lQRQrfeQ5K5Oxw,3.299,0.249,0.396
2023-03-27,United States,US,,,,,,,ChIJCzYy5IS16lQRQrfeQ5K5Oxw,3.125,0.233,0.361
2023-04-03,United States,US,,,,,,,ChIJCzYy5IS16lQRQrfeQ5K5Oxw,3.096,0.230,0.338
2023-04-10,United States,US,,,,,,,ChIJCzYy5IS16lQRQrfeQ5K5Oxw,3.162,0.225,0.352
2023-04-17,United States,US,,,,,,,ChIJCzYy5IS16lQRQrfeQ5K5Oxw,4.341,0.306,0.493
2023-04-24,United States,US,,,,,,,ChIJCzYy5IS16lQRQrfeQ5K5Oxw,3.841,0.254,0.743
2023-05-01,United States,US,,,,,,,ChIJCzYy5IS16lQRQrfeQ5K5Oxw,3.443,0.239,0.334
2023-05-08,United States,US,,,,,,,ChIJCzYy5IS16lQRQrfeQ5K5Oxw,3.107,0.212,0.307
2023-05-15,United States,US,,,,,,,ChIJCzYy5IS16lQRQrfeQ5K5Oxw,2.773,0.187,0.287
2023-05-22,United States,US,,,,,,,ChIJCzYy5IS16lQRQrfeQ5K5Oxw,2.716,0.187,0.296
2023-05-29,United States,US,,,,,,,ChIJCzYy5IS16lQRQrfeQ5K5Oxw,3.036,0.174,0.314
2023-06-05,United States,US,,,,,,,ChIJCzYy5IS16lQRQrfeQ5K5Oxw,4.152,0.172,0.299
2023-06-12,United States,US,,,,,,,ChIJCzYy5IS16lQRQrfeQ5K5Oxw,3.853,0.167,0.306
2023-06-19,United States,US,,,,,,,ChIJCzYy5IS16lQRQrfeQ5K5Oxw,3.325,0.155,0.307
2023-06-26,United States,US,,,,,,,ChIJCzYy5IS16lQRQrfeQ5K5Oxw,2.494,0.150,0.282
2023-07-03,United States,US,,,,,,,ChIJCzYy5IS16lQRQrfeQ5K5Oxw,2.334,0.137,0.283
2023-07-10,United States,US,,,,,,,ChIJCzYy5IS16lQRQrfeQ5K5Oxw,2.437,0.155,0.274
2023-07-17,United States,US,,,,,,,ChIJCzYy5IS16lQRQrfeQ5K5Oxw,2.654,0.175,0.286
2023-07-24,United States,US,,,,,,,ChIJCzYy5IS16lQRQrfeQ5K5Oxw,3.532,0.179,0.556
2023-07-31,United States,US,,,,,,,ChIJCzYy5IS16lQRQrfeQ5K5Oxw,2.921,0.221,0.352
2023-08-07,United States,US,,,,,,,ChIJCzYy5IS16lQRQrfeQ5K5Oxw,3.291,0.200,0.352
2023-08-14,United States,US,,,,,,,ChIJCzYy5IS16lQRQrfeQ5K5Oxw,2.989,0.193,0.318
2023-08-21,United States,US,,,,,,,ChIJCzYy5IS16lQRQrfeQ5K5Oxw,3.588,0.214,0.334
2023-08-28,United States,US,,,,,,,ChIJCzYy5IS16lQRQrfeQ5K5Oxw,3.408,0.215,0.323
2023-09-04,United States,US,,,,,,,ChIJCzYy5IS16lQRQrfeQ5K5Oxw,4.296,0.277,0.351
2023-09-11,United States,US,,,,,,,ChIJCzYy5IS16lQRQrfeQ5K5Oxw,7.706,1.200,0.480
2023-09-18,United States,US,,,,,,,ChIJCzYy5IS16lQRQrfeQ5K5Oxw,8.751,1.703,0.781
2023-09-25,United States,US,,,,,,,ChIJCzYy5IS16lQRQrfeQ5K5Oxw,8.276,1.661,0.920
2023-10-02,United States,US,,,,,,,ChIJCzYy5IS16lQRQrfeQ5K5Oxw,8.689,1.375,1.008
2023-10-09,United States,US,,,,,,,ChIJCzYy5IS16lQRQrfeQ5K5Oxw,6.495,1.022,0.909
2023-10-16,United States,US,,,,,,,ChIJCzYy5IS16lQRQrfeQ5K5Oxw,5.731,0.790,0.889
2021-01-04,United Kingdom,GB,,,,,,,ChIJqZHHQhE7WgIReiWIMkOg-MQ,67.078,8.562,8.871
2021-01-11,United Kingdom,GB,,,,,,,ChIJqZHHQhE7WgIReiWIMkOg-MQ,60.296,9.536,8.327
2021-01-18,United Kingdom,GB,,,,,,,ChIJqZHHQhE7WgIReiWIMkOg-MQ,54.432,8.003,7.847
2021-01-25,United Kingdom,GB,,,,,,,ChIJqZHHQhE7WgIReiWIMkOg-MQ,60.479,7.677,7.040
2021-02-01,United Kingdom,GB,,,,,,,ChIJqZHHQhE7WgIReiWIMkOg-MQ,58.335,6.495,7.443
2021-02-08,United Kingdom,GB,,,,,,,ChIJqZHHQhE7WgIReiWIMkOg-MQ,62.907,8.951,10.301
2021-02-15,United Kingdom,GB,,,,,,,ChIJqZHHQhE7WgIReiWIMkOg-MQ,75.907,11.199,14.697
2021-02-22,United Kingdom,GB,,,,,,,ChIJqZHHQhE7WgIReiWIMkOg-MQ,80.997,16.127,12.798
2021-03-01,United Kingdom,GB,,,,,,,ChIJqZHHQhE7WgIReiWIMkOg-MQ,74.231,19.877,11.435
2021-03-08,United Kingdom,GB,,,,,,,ChIJqZHHQhE7WgIReiWIMkOg-MQ,71.250,17.606,12.395
2021-03-15,United Kingdom,GB,,,,,,,ChIJqZHHQhE7WgIReiWIMkOg-MQ,83.856,19.884,16.194
2021-03-22,United Kingdom,GB,,,,,,,ChIJqZHHQhE7WgIReiWIMkOg-MQ,64.546,14.740,14.037
2021-03-29,United Kingdom,GB,,,,,,,ChIJqZHHQhE7WgIReiWIMkOg-MQ,52.982,12.873,11.114
2021-04-05,United Kingdom,GB,,,,,,,ChIJqZHHQhE7WgIReiWIMkOg-MQ,55.095,11.212,12.147
2021-04-12,United Kingdom,GB,,,,,,,ChIJqZHHQhE7WgIReiWIMkOg-MQ,53.303,16.790,9.579
2021-04-19,United Kingdom,GB,,,,,,,ChIJqZHHQhE7WgIReiWIMkOg-MQ,43.314,11.486,11.094
2021-04-26,United Kingdom,GB,,,,,,,ChIJqZHHQhE7WgIReiWIMkOg-MQ,68.422,17.185,26.420
2021-05-03,United Kingdom,GB,,,,,,,ChIJqZHHQhE7WgIReiWIMkOg-MQ,49.154,12.779,12.930
2021-05-10,United Kingdom,GB,,,,,,,ChIJqZHHQhE7WgIReiWIMkOg-MQ,62.627,17.427,14.601
2021-05-17,United Kingdom,GB,,,,,,,ChIJqZHHQhE7WgIReiWIMkOg-MQ,72.665,21.628,15.052
2021-05-24,United Kingdom,GB,,,,,,,ChIJqZHHQhE7WgIReiWIMkOg-MQ,62.496,16.481,13.287
2021-05-31,United Kingdom,GB,,,,,,,ChIJqZHHQhE7WgIReiWIMkOg-MQ,71.790,17.066,11.033
2021-06-07,United Kingdom,GB,,,,,,,ChIJqZHHQhE7WgIReiWIMkOg-MQ,59.093,21.915,11.314
2021-06-14,United Kingdom,GB,,,,,,,ChIJqZHHQhE7WgIReiWIMkOg-MQ,67.836,25.400,12.857
2021-06-21,United Kingdom,GB,,,,,,,ChIJqZHHQhE7WgIReiWIMkOg-MQ,71.381,18.751,11.239
2021-06-28,United Kingdom,GB,,,,,,,ChIJqZHHQhE7WgIReiWIMkOg-MQ,55.455,14.934,9.509
2021-07-05,United Kingdom,GB,,,,,,,ChIJqZHHQhE7WgIReiWIMkOg-MQ,56.922,15.403,9.068
2021-07-12,United Kingdom,GB,,,,,,,ChIJqZHHQhE7WgIReiWIMkOg-MQ,59.426,14.805,8.804
2021-07-19,United Kingdom,GB,,,,,,,ChIJqZHHQhE7WgIReiWIMkOg-MQ,58.471,14.097,8.916
2021-07-26,United Kingdom,GB,,,,,,,ChIJqZHHQhE7WgIReiWIMkOg-MQ,49.958,11.510,7.163
2021-08-02,United Kingdom,GB,,,,,,,ChIJqZHHQhE7WgIReiWIMkOg-MQ,64.017,25.813,7.019
2021-08-09,United Kingdom,GB,,,,,,,ChIJqZHHQhE7WgIReiWIMkOg-MQ,47.514,12.023,6.723
2021-08-16,United Kingdom,GB,,,,,,,ChIJqZHHQhE7WgIReiWIMkOg-MQ,45.571,12.162,6.511
2021-08-23,United Kingdom,GB,,,,,,,ChIJqZHHQhE7WgIReiWIMkOg-MQ,39.519,9.614,5.434
2021-08-30,United Kingdom,GB,,,,,,,ChIJqZHHQhE7WgIReiWIMkOg-MQ,38.984,9.563,5.763
2021-09-06,United Kingdom,GB,,,,,,,ChIJqZHHQhE7WgIReiWIMkOg-MQ,36.300,8.404,4.821
2021-09-13,United Kingdom,GB,,,,,,,ChIJqZHHQhE7WgIReiWIMkOg-MQ,36.655,8.943,5.082
2021-09-20,United Kingdom,GB,,,,,,,ChIJqZHHQhE7WgIReiWIMkOg-MQ,33.469,9.187,4.273
2021-09-27,United Kingdom,GB,,,,,,,ChIJqZHHQhE7WgIReiWIMkOg-MQ,35.084,8.114,3.553
2021-10-04,United Kingdom,GB,,,,,,,ChIJqZHHQhE7WgIReiWIMkOg-MQ,35.789,8.548,3.447
2021-10-11,United Kingdom,GB,,,,,,,ChIJqZHHQhE7WgIReiWIMkOg-MQ,37.836,8.785,3.380
2021-10-18,United Kingdom,GB,,,,,,,ChIJqZHHQhE7WgIReiWIMkOg-MQ,60.435,13.447,3.927
2021-10-25,United Kingdom,GB,,,,,,,ChIJqZHHQhE7WgIReiWIMkOg-MQ,48.233,11.200,3.401
2021-11-01,United Kingdom,GB,,,,,,,ChIJqZHHQhE7WgIReiWIMkOg-MQ,58.471,13.506,3.133
2021-11-08,United Kingdom,GB,,,,,,,ChIJqZHHQhE7WgIReiWIMkOg-MQ,64.072,12.120,3.567
2021-11-15,United Kingdom,GB,,,,,,,ChIJqZHHQhE7WgIReiWIMkOg-MQ,73.682,13.460,4.144
2021-11-22,United Kingdom,GB,,,,,,,ChIJqZHHQhE7WgIReiWIMkOg-MQ,66.272,14.333,3.967
2021-11-29,United Kingdom,GB,,,,,,,ChIJqZHHQhE7WgIReiWIMkOg-MQ,91.774,21.302,4.711
2021-12-06,United Kingdom,GB,,,,,,,ChIJqZHHQhE7WgIReiWIMkOg-MQ,113.267,27.523,5.361
2021-12-13,United Kingdom,GB,,,,,,,ChIJqZHHQhE7WgIReiWIMkOg-MQ,199.342,79.675,8.054
2021-12-20,United Kingdom,GB,,,,,,,ChIJqZHHQhE7WgIReiWIMkOg-MQ,71.115,17.919,5.715
2021-12-27,United Kingdom,GB,,,,,,,ChIJqZHHQhE7WgIReiWIMkOg-MQ,49.211,13.811,3.738
2022-01-03,United Kingdom,GB,,,,,,,ChIJqZHHQhE7WgIReiWIMkOg-MQ,45.856,12.076,3.709
2022-01-10,United Kingdom,GB,,,,,,,ChIJqZHHQhE7WgIReiWIMkOg-MQ,36.145,7.579,3.105
2022-01-17,United Kingdom,GB,,,,,,,ChIJqZHHQhE7WgIReiWIMkOg-MQ,72.583,44.698,2.591
2022-01-24,United Kingdom,GB,,,,,,,ChIJqZHHQhE7WgIReiWIMkOg-MQ,30.637,5.646,2.264
2022-01-31,United Kingdom,GB,,,,,,,ChIJqZHHQhE7WgIReiWIMkOg-MQ,27.543,4.672,1.885
2022-02-07,United Kingdom,GB,,,,,,,ChIJqZHHQhE7WgIReiWIMkOg-MQ,24.809,4.627,1.822
2022-02-14,United Kingdom,GB,,,,,,,ChIJqZHHQhE7WgIReiWIMkOg-MQ,19.628,4.129,1.562
2022-02-21,United Kingdom,GB,,,,,,,ChIJqZHHQhE7WgIReiWIMkOg-MQ,16.848,4.199,1.371
2022-02-28,United Kingdom,GB,,,,,,,ChIJqZHHQhE7WgIReiWIMkOg-MQ,17.145,4.032,1.453
2022-03-07,United Kingdom,GB,,,,,,,ChIJqZHHQhE7WgIReiWIMkOg-MQ,17.612,4.034,1.408
2022-03-14,United Kingdom,GB,,,,,,,ChIJqZHHQhE7WgIReiWIMkOg-MQ,18.222,4.286,1.254
2022-03-21,United Kingdom,GB,,,,,,,ChIJqZHHQhE7WgIReiWIMkOg-MQ,25.811,7.116,1.470
2022-03-28,United Kingdom,GB,,,,,,,ChIJqZHHQhE7WgIReiWIMkOg-MQ,25.285,6.149,1.449
2022-04-04,United Kingdom,GB,,,,,,,ChIJqZHHQhE7WgIReiWIMkOg-MQ,25.669,6.726,1.528
2022-04-11,United Kingdom,GB,,,,,,,ChIJqZHHQhE7WgIReiWIMkOg-MQ,20.567,6.142,1.395
2022-04-18,United Kingdom,GB,,,,,,,ChIJqZHHQhE7WgIReiWIMkOg-MQ,20.901,6.288,1.389
2022-04-25,United Kingdom,GB,,,,,,,ChIJqZHHQhE7WgIReiWIMkOg-MQ,20.408,6.039,1.331
2022-05-02,United Kingdom,GB,,,,,,,ChIJqZHHQhE7WgIReiWIMkOg-MQ,20.064,5.447,1.620
2022-05-09,United Kingdom,GB,,,,,,,ChIJqZHHQhE7WgIReiWIMkOg-MQ,18.718,5.148,1.150
2022-05-16,United Kingdom,GB,,,,,,,ChIJqZHHQhE7WgIReiWIMkOg-MQ,17.872,4.772,1.031
2022-05-23,United Kingdom,GB,,,,,,,ChIJqZHHQhE7WgIReiWIMkOg-MQ,15.459,4.031,1.035
2022-05-30,United Kingdom,GB,,,,,,,ChIJqZHHQhE7WgIReiWIMkOg-MQ,12.974,3.512,0.798
2022-06-06,United Kingdom,GB,,,,,,,ChIJqZHHQhE7WgIReiWIMkOg-MQ,14.462,3.966,0.898
2022-06-13,United Kingdom,GB,,,,,,,ChIJqZHHQhE7WgIReiWIMkOg-MQ,14.035,4.195,0.838
2022-06-20,United Kingdom,GB,,,,,,,ChIJqZHHQhE7WgIReiWIMkOg-MQ,14.758,4.153,0.913
2022-06-27,United Kingdom,GB,,,,,,,ChIJqZHHQhE7WgIReiWIMkOg-MQ,15.371,4.445,0.928
2022-07-04,United Kingdom,GB,,,,,,,ChIJqZHHQhE7WgIReiWIMkOg-MQ,15.129,4.489,0.864
2022-07-11,United Kingdom,GB,,,,,,,ChIJqZHHQhE7WgIReiWIMkOg-MQ,14.945,4.547,0.842
2022-07-18,United Kingdom,GB,,,,,,,ChIJqZHHQhE7WgIReiWIMkOg-MQ,12.509,3.453,0.753
2022-07-25,United Kingdom,GB,,,,,,,ChIJqZHHQhE7WgIReiWIMkOg-MQ,11.312,3.102,0.740
2022-08-01,United Kingdom,GB,,,,,,,ChIJqZHHQhE7WgIReiWIMkOg-MQ,10.250,2.706,0.657
2022-08-08,United Kingdom,GB,,,,,,,ChIJqZHHQhE7WgIReiWIMkOg-MQ,9.273,2.520,0.563
2022-08-15,United Kingdom,GB,,,,,,,ChIJqZHHQhE7WgIReiWIMkOg-MQ,11.566,3.034,0.780
2022-08-22,United Kingdom,GB,,,,,,,ChIJqZHHQhE7WgIReiWIMkOg-MQ,9.614,2.591,0.622
2022-08-29,United Kingdom,GB,,,,,,,ChIJqZHHQhE7WgIReiWIMkOg-MQ,11.684,3.747,0.577
2022-09-05,United Kingdom,GB,,,,,,,ChIJqZHHQhE7WgIReiWIMkOg-MQ,15.654,6.541,0.638
2022-09-12,United Kingdom,GB,,,,,,,ChIJqZHHQhE7WgIReiWIMkOg-MQ,22.464,8.055,1.074
2022-09-19,United Kingdom,GB,,,,,,,ChIJqZHHQhE7WgIReiWIMkOg-MQ,20.530,7.189,1.386
2022-09-26,United Kingdom,GB,,,,,,,ChIJqZHHQhE7WgIReiWIMkOg-MQ,25.057,11.491,2.238
2022-10-03,United Kingdom,GB,,,,,,,ChIJqZHHQhE7WgIReiWIMkOg-MQ,23.608,10.149,2.314
2022-10-10,United Kingdom,GB,,,,,,,ChIJqZHHQhE7WgIReiWIMkOg-MQ,28.589,12.612,2.492
2022-10-17,United Kingdom,GB,,,,,,,ChIJqZHHQhE7WgIReiWIMkOg-MQ,20.258,7.890,2.318
2022-10-24,United Kingdom,GB,,,,,,,ChIJqZHHQhE7WgIReiWIMkOg-MQ,16.647,6.038,2.118
2022-10-31,United Kingdom,GB,,,,,,,ChIJqZHHQhE7WgIReiWIMkOg-MQ,12.635,4.702,1.618
2022-11-07,United Kingdom,GB,,,,,,,ChIJqZHHQhE7WgIReiWIMkOg-MQ,10.672,3.757,1.409
2022-11-14,United Kingdom,GB,,,,,,,ChIJqZHHQhE7WgIReiWIMkOg-MQ,9.045,3.179,1.218
2022-11-21,United Kingdom,GB,,,,,,,ChIJqZHHQhE7WgIReiWIMkOg-MQ,8.166,2.663,1.040
2022-11-28,United Kingdom,GB,,,,,,,ChIJqZHHQhE7WgIReiWIMkOg-MQ,7.675,2.478,0.902
2022-12-05,United Kingdom,GB,,,,,,,ChIJqZHHQhE7WgIReiWIMkOg-MQ,6.677,2.161,0.803
2022-12-12,United Kingdom,GB,,,,,,,ChIJqZHHQhE7WgIReiWIMkOg-MQ,6.594,1.878,0.784
2022-12-19,United Kingdom,GB,,,,,,,ChIJqZHHQhE7WgIReiWIMkOg-MQ,5.473,1.452,0.673
2022-12-26,United Kingdom,GB,,,,,,,ChIJqZHHQhE7WgIReiWIMkOg-MQ,5.987,1.623,0.641
2023-01-02,United Kingdom,GB,,,,,,,ChIJqZHHQhE7WgIReiWIMkOg-MQ,7.598,2.178,0.728
2023-01-09,United Kingdom,GB,,,,,,,ChIJqZHHQhE7WgIReiWIMkOg-MQ,7.566,1.604,1.012
2023-01-16,United Kingdom,GB,,,,,,,ChIJqZHHQhE7WgIReiWIMkOg-MQ,5.695,1.233,0.697
2023-01-23,United Kingdom,GB,,,,,,,ChIJqZHHQhE7WgIReiWIMkOg-MQ,7.389,1.417,0.731
2023-01-30,United Kingdom,GB,,,,,,,ChIJqZHHQhE7WgIReiWIMkOg-MQ,6.843,1.927,0.552
2023-02-06,United Kingdom,GB,,,,,,,ChIJqZHHQhE7WgIReiWIMkOg-MQ,5.777,1.561,0.550
2023-02-13,United Kingdom,GB,,,,,,,ChIJqZHHQhE7WgIReiWIMkOg-MQ,4.305,0.915,0.456
2023-02-20,United Kingdom,GB,,,,,,,ChIJqZHHQhE7WgIReiWIMkOg-MQ,3.798,0.732,0.394
2023-02-27,United Kingdom,GB,,,,,,,ChIJqZHHQhE7WgIReiWIMkOg-MQ,3.794,0.700,0.390
2023-03-06,United Kingdom,GB,,,,,,,ChIJqZHHQhE7WgIReiWIMkOg-MQ,4.431,0.818,0.410
2023-03-13,United Kingdom,GB,,,,,,,ChIJqZHHQhE7WgIReiWIMkOg-MQ,4.074,0.710,0.407
2023-03-20,United Kingdom,GB,,,,,,,ChIJqZHHQhE7WgIReiWIMkOg-MQ,4.421,0.756,0.462
2023-03-27,United Kingdom,GB,,,,,,,ChIJqZHHQhE7WgIReiWIMkOg-MQ,5.231,1.122,0.478
2023-04-03,United Kingdom,GB,,,,,,,ChIJqZHHQhE7WgIReiWIMkOg-MQ,5.704,1.558,0.405
2023-04-10,United Kingdom,GB,,,,,,,ChIJqZHHQhE7WgIReiWIMkOg-MQ,6.606,2.042,0.494
2023-04-17,United Kingdom,GB,,,,,,,ChIJqZHHQhE7WgIReiWIMkOg-MQ,9.416,3.343,0.759
2023-04-24,United Kingdom,GB,,,,,,,ChIJqZHHQhE7WgIReiWIMkOg-MQ,7.998,2.484,0.633
2023-05-01,United Kingdom,GB,,,,,,,ChIJqZHHQhE7WgIReiWIMkOg-MQ,6.323,1.826,0.506
2023-05-08,United Kingdom,GB,,,,,,,ChIJqZHHQhE7WgIReiWIMkOg-MQ,5.751,1.659,0.520
2023-05-15,United Kingdom,GB,,,,,,,ChIJqZHHQhE7WgIReiWIMkOg-MQ,4.807,1.367,0.462
2023-05-22,United Kingdom,GB,,,,,,,ChIJqZHHQhE7WgIReiWIMkOg-MQ,4.184,1.211,0.398
2023-05-29,United Kingdom,GB,,,,,,,ChIJqZHHQhE7WgIReiWIMkOg-MQ,4.028,1.064,0.435
2023-06-05,United Kingdom,GB,,,,,,,ChIJqZHHQhE7WgIReiWIMkOg-MQ,5.023,1.448,0.370
2023-06-12,United Kingdom,GB,,,,,,,ChIJqZHHQhE7WgIReiWIMkOg-MQ,4.060,0.997,0.340
2023-06-19,United Kingdom,GB,,,,,,,ChIJqZHHQhE7WgIReiWIMkOg-MQ,3.650,0.783,0.320
2023-06-26,United Kingdom,GB,,,,,,,ChIJqZHHQhE7WgIReiWIMkOg-MQ,2.930,0.632,0.311
2023-07-03,United Kingdom,GB,,,,,,,ChIJqZHHQhE7WgIReiWIMkOg-MQ,2.561,0.413,0.264
2023-07-10,United Kingdom,GB,,,,,,,ChIJqZHHQhE7WgIReiWIMkOg-MQ,2.501,0.369,0.254
2023-07-17,United Kingdom,GB,,,,,,,ChIJqZHHQhE7WgIReiWIMkOg-MQ,2.395,0.346,0.246
2023-07-24,United Kingdom,GB,,,,,,,ChIJqZHHQhE7WgIReiWIMkOg-MQ,2.620,0.350,0.318
2023-07-31,United Kingdom,GB,,,,,,,ChIJqZHHQhE7WgIReiWIMkOg-MQ,2.640,0.386,0.261
2023-08-07,United Kingdom,GB,,,,,,,ChIJqZHHQhE7WgIReiWIMkOg-MQ,3.867,0.426,0.279
2023-08-14,United Kingdom,GB,,,,,,,ChIJqZHHQhE7WgIReiWIMkOg-MQ,3.343,0.421,0.252
2023-08-21,United Kingdom,GB,,,,,,,ChIJqZHHQhE7WgIReiWIMkOg-MQ,3.319,0.437,0.258
2023-08-28,United Kingdom,GB,,,,,,,ChIJqZHHQhE7WgIReiWIMkOg-MQ,5.434,0.971,0.313
2023-09-04,United Kingdom,GB,,,,,,,ChIJqZHHQhE7WgIReiWIMkOg-MQ,6.264,1.401,0.385
2023-09-11,United Kingdom,GB,,,,,,,ChIJqZHHQhE7WgIReiWIMkOg-MQ,9.928,2.584,0.544
2023-09-18,United Kingdom,GB,,,,,,,ChIJqZHHQhE7WgIReiWIMkOg-MQ,15.714,5.079,1.046
2023-09-25,United Kingdom,GB,,,,,,,ChIJqZHHQhE7WgIReiWIMkOg-MQ,13.441,3.531,1.314
2023-10-02,United Kingdom,GB,,,,,,,ChIJqZHHQhE7WgIReiWIMkOg-MQ,13.133,3.883,1.454
2023-10-09,United Kingdom,GB,,,,,,,ChIJqZHHQhE7WgIReiWIMkOg-MQ,10.313,2.971,1.373
2023-10-16,United Kingdom,GB,,,,,,,ChIJqZHHQhE7WgIReiWIMkOg-MQ,8.064,2.039,1.202
2021-01-04,Canada,CA,,,,,,,ChIJ2WrMN9MDDUsRpY9Doiq3aJk,33.963,4.520,5.881
2021-01-11,Canada,CA,,,,,,,ChIJ2WrMN9MDDUsRpY9Doiq3aJk,30.924,5.686,5.593
2021-01-18,Canada,CA,,,,,,,ChIJ2WrMN9MDDUsRpY9Doiq3aJk,22.555,4.829,3.897
2021-01-25,Canada,CA,,,,,,,ChIJ2WrMN9MDDUsRpY9Doiq3aJk,22.869,5.671,3.282
2021-02-01,Canada,CA,,,,,,,ChIJ2WrMN9MDDUsRpY9Doiq3aJk,21.339,5.170,2.787
2021-02-08,Canada,CA,,,,,,,ChIJ2WrMN9MDDUsRpY9Doiq3aJk,23.779,3.741,3.046
2021-02-15,Canada,CA,,,,,,,ChIJ2WrMN9MDDUsRpY9Doiq3aJk,30.012,4.361,3.879
2021-02-22,Canada,CA,,,,,,,ChIJ2WrMN9MDDUsRpY9Doiq3aJk,47.906,11.040,5.360
2021-03-01,Canada,CA,,,,,,,ChIJ2WrMN9MDDUsRpY9Doiq3aJk,70.033,22.788,7.235
2021-03-08,Canada,CA,,,,,,,ChIJ2WrMN9MDDUsRpY9Doiq3aJk,98.357,38.089,9.453
2021-03-15,Canada,CA,,,,,,,ChIJ2WrMN9MDDUsRpY9Doiq3aJk,99.688,35.638,10.258
2021-03-22,Canada,CA,,,,,,,ChIJ2WrMN9MDDUsRpY9Doiq3aJk,91.691,35.289,9.736
2021-03-29,Canada,CA,,,,,,,ChIJ2WrMN9MDDUsRpY9Doiq3aJk,119.445,47.299,13.147
2021-04-05,Canada,CA,,,,,,,ChIJ2WrMN9MDDUsRpY9Doiq3aJk,154.245,59.311,17.919
2021-04-12,Canada,CA,,,,,,,ChIJ2WrMN9MDDUsRpY9Doiq3aJk,133.866,47.472,19.191
2021-04-19,Canada,CA,,,,,,,ChIJ2WrMN9MDDUsRpY9Doiq3aJk,172.317,71.996,27.375
2021-04-26,Canada,CA,,,,,,,ChIJ2WrMN9MDDUsRpY9Doiq3aJk,169.471,75.836,24.887
2021-05-03,Canada,CA,,,,,,,ChIJ2WrMN9MDDUsRpY9Doiq3aJk,173.609,69.831,28.230
2021-05-10,Canada,CA,,,,,,,ChIJ2WrMN9MDDUsRpY9Doiq3aJk,153.984,55.506,25.473
2021-05-17,Canada,CA,,,,,,,ChIJ2WrMN9MDDUsRpY9Doiq3aJk,133.260,46.540,21.175
2021-05-24,Canada,CA,,,,,,,ChIJ2WrMN9MDDUsRpY9Doiq3aJk,116.941,37.414,18.154
2021-05-31,Canada,CA,,,,,,,ChIJ2WrMN9MDDUsRpY9Doiq3aJk,131.396,49.080,16.304
2021-06-07,Canada,CA,,,,,,,ChIJ2WrMN9MDDUsRpY9Doiq3aJk,141.267,60.387,16.381
2021-06-14,Canada,CA,,,,,,,ChIJ2WrMN9MDDUsRpY9Doiq3aJk,167.175,73.632,16.673
2021-06-21,Canada,CA,,,,,,,ChIJ2WrMN9MDDUsRpY9Doiq3aJk,143.115,61.258,17.885
2021-06-28,Canada,CA,,,,,,,ChIJ2WrMN9MDDUsRpY9Doiq3aJk,105.013,41.863,15.956
2021-07-05,Canada,CA,,,,,,,ChIJ2WrMN9MDDUsRpY9Doiq3aJk,91.880,30.902,15.726
2021-07-12,Canada,CA,,,,,,,ChIJ2WrMN9MDDUsRpY9Doiq3aJk,80.877,21.371,13.751
2021-07-19,Canada,CA,,,,,,,ChIJ2WrMN9MDDUsRpY9Doiq3aJk,71.059,16.641,12.108
2021-07-26,Canada,CA,,,,,,,ChIJ2WrMN9MDDUsRpY9Doiq3aJk,76.793,14.294,10.345
2021-08-02,Canada,CA,,,,,,,ChIJ2WrMN9MDDUsRpY9Doiq3aJk,78.358,27.016,9.517
2021-08-09,Canada,CA,,,,,,,ChIJ2WrMN9MDDUsRpY9Doiq3aJk,68.996,14.362,10.238
2021-08-16,Canada,CA,,,,,,,ChIJ2WrMN9MDDUsRpY9Doiq3aJk,112.740,63.386,10.758
2021-08-23,Canada,CA,,,,,,,ChIJ2WrMN9MDDUsRpY9Doiq3aJk,96.742,26.161,10.514
2021-08-30,Canada,CA,,,,,,,ChIJ2WrMN9MDDUsRpY9Doiq3aJk,119.661,42.189,10.101
2021-09-06,Canada,CA,,,,,,,ChIJ2WrMN9MDDUsRpY9Doiq3aJk,85.519,17.053,9.038
2021-09-13,Canada,CA,,,,,,,ChIJ2WrMN9MDDUsRpY9Doiq3aJk,92.095,18.699,10.032
2021-09-20,Canada,CA,,,,,,,ChIJ2WrMN9MDDUsRpY9Doiq3aJk,102.325,21.175,9.280
2021-09-27,Canada,CA,,,,,,,ChIJ2WrMN9MDDUsRpY9Doiq3aJk,70.522,14.391,8.259
2021-10-04,Canada,CA,,,,,,,ChIJ2WrMN9MDDUsRpY9Doiq3aJk,63.038,12.305,7.255
2021-10-11,Canada,CA,,,,,,,ChIJ2WrMN9MDDUsRpY9Doiq3aJk,73.766,11.661,6.336
2021-10-18,Canada,CA,,,,,,,ChIJ2WrMN9MDDUsRpY9Doiq3aJk,69.995,10.892,5.865
2021-10-25,Canada,CA,,,,,,,ChIJ2WrMN9MDDUsRpY9Doiq3aJk,52.348,8.939,5.067
2021-11-01,Canada,CA,,,,,,,ChIJ2WrMN9MDDUsRpY9Doiq3aJk,53.606,10.093,5.092
2021-11-08,Canada,CA,,,,,,,ChIJ2WrMN9MDDUsRpY9Doiq3aJk,51.990,9.450,5.917
2021-11-15,Canada,CA,,,,,,,ChIJ2WrMN9MDDUsRpY9Doiq3aJk,53.294,10.555,5.915
2021-11-22,Canada,CA,,,,,,,ChIJ2WrMN9MDDUsRpY9Doiq3aJk,56.871,15.375,6.123
2021-11-29,Canada,CA,,,,,,,ChIJ2WrMN9MDDUsRpY9Doiq3aJk,60.532,15.727,6.034
2021-12-06,Canada,CA,,,,,,,ChIJ2WrMN9MDDUsRpY9Doiq3aJk,60.370,17.415,5.940
2021-12-13,Canada,CA,,,,,,,ChIJ2WrMN9MDDUsRpY9Doiq3aJk,111.953,41.410,9.512
2021-12-20,Canada,CA,,,,,,,ChIJ2WrMN9MDDUsRpY9Doiq3aJk,103.032,38.100,11.025
2021-12-27,Canada,CA,,,,,,,ChIJ2WrMN9MDDUsRpY9Doiq3aJk,81.923,29.013,11.512
2022-01-03,Canada,CA,,,,,,,ChIJ2WrMN9MDDUsRpY9Doiq3aJk,89.191,29.107,14.390
2022-01-10,Canada,CA,,,,,,,ChIJ2WrMN9MDDUsRpY9Doiq3aJk,77.818,21.215,13.339
2022-01-17,Canada,CA,,,,,,,ChIJ2WrMN9MDDUsRpY9Doiq3aJk,113.017,71.040,10.164
2022-01-24,Canada,CA,,,,,,,ChIJ2WrMN9MDDUsRpY9Doiq3aJk,48.997,10.174,8.434
2022-01-31,Canada,CA,,,,,,,ChIJ2WrMN9MDDUsRpY9Doiq3aJk,40.280,7.245,6.279
2022-02-07,Canada,CA,,,,,,,ChIJ2WrMN9MDDUsRpY9Doiq3aJk,34.256,6.146,4.938
2022-02-14,Canada,CA,,,,,,,ChIJ2WrMN9MDDUsRpY9Doiq3aJk,30.142,5.843,3.878
2022-02-21,Canada,CA,,,,,,,ChIJ2WrMN9MDDUsRpY9Doiq3aJk,21.825,4.477,2.634
2022-02-28,Canada,CA,,,,,,,ChIJ2WrMN9MDDUsRpY9Doiq3aJk,23.817,5.443,3.527
2022-03-07,Canada,CA,,,,,,,ChIJ2WrMN9MDDUsRpY9Doiq3aJk,21.324,4.558,2.882
2022-03-14,Canada,CA,,,,,,,ChIJ2WrMN9MDDUsRpY9Doiq3aJk,18.941,3.641,2.515
2022-03-21,Canada,CA,,,,,,,ChIJ2WrMN9MDDUsRpY9Doiq3aJk,17.163,3.402,2.522
2022-03-28,Canada,CA,,,,,,,ChIJ2WrMN9MDDUsRpY9Doiq3aJk,19.799,3.792,3.301
2022-04-04,Canada,CA,,,,,,,ChIJ2WrMN9MDDUsRpY9Doiq3aJk,30.338,8.762,2.855
2022-04-11,Canada,CA,,,,,,,ChIJ2WrMN9MDDUsRpY9Doiq3aJk,24.277,6.995,2.697
2022-04-18,Canada,CA,,,,,,,ChIJ2WrMN9MDDUsRpY9Doiq3aJk,19.286,4.910,2.424
2022-04-25,Canada,CA,,,,,,,ChIJ2WrMN9MDDUsRpY9Doiq3aJk,18.199,4.439,2.500
2022-05-02,Canada,CA,,,,,,,ChIJ2WrMN9MDDUsRpY9Doiq3aJk,18.035,4.229,2.176
2022-05-09,Canada,CA,,,,,,,ChIJ2WrMN9MDDUsRpY9Doiq3aJk,16.019,3.488,1.912
2022-05-16,Canada,CA,,,,,,,ChIJ2WrMN9MDDUsRpY9Doiq3aJk,14.767,3.414,1.723
2022-05-23,Canada,CA,,,,,,,ChIJ2WrMN9MDDUsRpY9Doiq3aJk,12.950,2.993,1.534
2022-05-30,Canada,CA,,,,,,,ChIJ2WrMN9MDDUsRpY9Doiq3aJk,12.945,2.806,1.583
2022-06-06,Canada,CA,,,,,,,ChIJ2WrMN9MDDUsRpY9Doiq3aJk,13.477,2.784,1.737
2022-06-13,Canada,CA,,,,,,,ChIJ2WrMN9MDDUsRpY9Doiq3aJk,16.558,2.773,1.663
2022-06-20,Canada,CA,,,,,,,ChIJ2WrMN9MDDUsRpY9Doiq3aJk,12.163,2.548,1.494
2022-06-27,Canada,CA,,,,,,,ChIJ2WrMN9MDDUsRpY9Doiq3aJk,13.486,3.013,1.570
2022-07-04,Canada,CA,,,,,,,ChIJ2WrMN9MDDUsRpY9Doiq3aJk,16.969,4.208,1.774
2022-07-11,Canada,CA,,,,,,,ChIJ2WrMN9MDDUsRpY9Doiq3aJk,22.366,7.130,2.446
2022-07-18,Canada,CA,,,,,,,ChIJ2WrMN9MDDUsRpY9Doiq3aJk,18.751,5.211,2.495
2022-07-25,Canada,CA,,,,,,,ChIJ2WrMN9MDDUsRpY9Doiq3aJk,15.637,4.307,2.266
2022-08-01,Canada,CA,,,,,,,ChIJ2WrMN9MDDUsRpY9Doiq3aJk,13.654,3.531,1.969
2022-08-08,Canada,CA,,,,,,,ChIJ2WrMN9MDDUsRpY9Doiq3aJk,13.057,3.257,1.821
2022-08-15,Canada,CA,,,,,,,ChIJ2WrMN9MDDUsRpY9Doiq3aJk,14.188,3.809,1.815
2022-08-22,Canada,CA,,,,,,,ChIJ2WrMN9MDDUsRpY9Doiq3aJk,14.307,3.774,1.739
2022-08-29,Canada,CA,,,,,,,ChIJ2WrMN9MDDUsRpY9Doiq3aJk,14.106,3.746,1.719
2022-09-05,Canada,CA,,,,,,,ChIJ2WrMN9MDDUsRpY9Doiq3aJk,13.095,3.293,1.435
2022-09-12,Canada,CA,,,,,,,ChIJ2WrMN9MDDUsRpY9Doiq3aJk,17.809,4.849,1.803
2022-09-19,Canada,CA,,,,,,,ChIJ2WrMN9MDDUsRpY9Doiq3aJk,17.218,4.755,2.059
2022-09-26,Canada,CA,,,,,,,ChIJ2WrMN9MDDUsRpY9Doiq3aJk,18.775,5.683,2.629
2022-10-03,Canada,CA,,,,,,,ChIJ2WrMN9MDDUsRpY9Doiq3aJk,16.878,5.147,2.736
2022-10-10,Canada,CA,,,,,,,ChIJ2WrMN9MDDUsRpY9Doiq3aJk,20.421,6.707,3.265
2022-10-17,Canada,CA,,,,,,,ChIJ2WrMN9MDDUsRpY9Doiq3aJk,19.859,6.798,3.562
2022-10-24,Canada,CA,,,,,,,ChIJ2WrMN9MDDUsRpY9Doiq3aJk,16.621,5.398,3.286
2022-10-31,Canada,CA,,,,,,,ChIJ2WrMN9MDDUsRpY9Doiq3aJk,14.462,4.474,2.866
2022-11-07,Canada,CA,,,,,,,ChIJ2WrMN9MDDUsRpY9Doiq3aJk,13.217,4.274,2.584
2022-11-14,Canada,CA,,,,,,,ChIJ2WrMN9MDDUsRpY9Doiq3aJk,13.638,4.438,2.637
2022-11-21,Canada,CA,,,,,,,ChIJ2WrMN9MDDUsRpY9Doiq3aJk,11.271,3.208,2.133
2022-11-28,Canada,CA,,,,,,,ChIJ2WrMN9MDDUsRpY9Doiq3aJk,10.281,2.957,1.899
2022-12-05,Canada,CA,,,,,,,ChIJ2WrMN9MDDUsRpY9Doiq3aJk,10.581,3.025,1.965
2022-12-12,Canada,CA,,,,,,,ChIJ2WrMN9MDDUsRpY9Doiq3aJk,10.230,2.701,1.950
2022-12-19,Canada,CA,,,,,,,ChIJ2WrMN9MDDUsRpY9Doiq3aJk,7.801,1.975,1.451
2022-12-26,Canada,CA,,,,,,,ChIJ2WrMN9MDDUsRpY9Doiq3aJk,7.888,2.025,1.326
2023-01-02,Canada,CA,,,,,,,ChIJ2WrMN9MDDUsRpY9Doiq3aJk,11.436,3.065,1.845
2023-01-09,Canada,CA,,,,,,,ChIJ2WrMN9MDDUsRpY9Doiq3aJk,10.789,2.464,2.074
2023-01-16,Canada,CA,,,,,,,ChIJ2WrMN9MDDUsRpY9Doiq3aJk,9.374,2.160,1.763
2023-01-23,Canada,CA,,,,,,,ChIJ2WrMN9MDDUsRpY9Doiq3aJk,9.205,1.793,1.438
2023-01-30,Canada,CA,,,,,,,ChIJ2WrMN9MDDUsRpY9Doiq3aJk,8.007,1.750,1.178
2023-02-06,Canada,CA,,,,,,,ChIJ2WrMN9MDDUsRpY9Doiq3aJk,7.056,1.550,1.067
2023-02-13,Canada,CA,,,,,,,ChIJ2WrMN9MDDUsRpY9Doiq3aJk,6.263,1.306,1.063
2023-02-20,Canada,CA,,,,,,,ChIJ2WrMN9MDDUsRpY9Doiq3aJk,5.797,1.232,0.967
2023-02-27,Canada,CA,,,,,,,ChIJ2WrMN9MDDUsRpY9Doiq3aJk,6.377,1.361,1.029
2023-03-06,Canada,CA,,,,,,,ChIJ2WrMN9MDDUsRpY9Doiq3aJk,6.419,1.376,0.949
2023-03-13,Canada,CA,,,,,,,ChIJ2WrMN9MDDUsRpY9Doiq3aJk,5.655,1.226,0.902
2023-03-20,Canada,CA,,,,,,,ChIJ2WrMN9MDDUsRpY9Doiq3aJk,5.690,1.219,0.913
2023-03-27,Canada,CA,,,,,,,ChIJ2WrMN9MDDUsRpY9Doiq3aJk,5.648,1.268,0.915
2023-04-03,Canada,CA,,,,,,,ChIJ2WrMN9MDDUsRpY9Doiq3aJk,5.578,1.266,0.868
2023-04-10,Canada,CA,,,,,,,ChIJ2WrMN9MDDUsRpY9Doiq3aJk,5.971,1.446,0.894
2023-04-17,Canada,CA,,,,,,,ChIJ2WrMN9MDDUsRpY9Doiq3aJk,5.812,1.289,0.994
2023-04-24,Canada,CA,,,,,,,ChIJ2WrMN9MDDUsRpY9Doiq3aJk,5.745,1.073,1.116
2023-05-01,Canada,CA,,,,,,,ChIJ2WrMN9MDDUsRpY9Doiq3aJk,5.877,1.040,0.890
2023-05-08,Canada,CA,,,,,,,ChIJ2WrMN9MDDUsRpY9Doiq3aJk,4.919,0.842,0.802
2023-05-15,Canada,CA,,,,,,,ChIJ2WrMN9MDDUsRpY9Doiq3aJk,4.005,0.731,0.751
2023-05-22,Canada,CA,,,,,,,ChIJ2WrMN9MDDUsRpY9Doiq3aJk,3.760,0.698,0.743
2023-05-29,Canada,CA,,,,,,,ChIJ2WrMN9MDDUsRpY9Doiq3aJk,3.716,0.669,0.852
2023-06-05,Canada,CA,,,,,,,ChIJ2WrMN9MDDUsRpY9Doiq3aJk,3.936,0.666,0.702
2023-06-12,Canada,CA,,,,,,,ChIJ2WrMN9MDDUsRpY9Doiq3aJk,4.165,0.643,0.726
2023-06-19,Canada,CA,,,,,,,ChIJ2WrMN9MDDUsRpY9Doiq3aJk,3.725,0.589,0.703
2023-06-26,Canada,CA,,,,,,,ChIJ2WrMN9MDDUsRpY9Doiq3aJk,3.251,0.601,0.706
2023-07-03,Canada,CA,,,,,,,ChIJ2WrMN9MDDUsRpY9Doiq3aJk,3.188,0.590,0.659
2023-07-10,Canada,CA,,,,,,,ChIJ2WrMN9MDDUsRpY9Doiq3aJk,3.434,0.633,0.657
2023-07-17,Canada,CA,,,,,,,ChIJ2WrMN9MDDUsRpY9Doiq3aJk,3.229,0.595,0.644
2023-07-24,Canada,CA,,,,,,,ChIJ2WrMN9MDDUsRpY9Doiq3aJk,3.530,0.588,0.826
2023-07-31,Canada,CA,,,,,,,ChIJ2WrMN9MDDUsRpY9Doiq3aJk,3.487,0.612,0.681
2023-08-07,Canada,CA,,,,,,,ChIJ2WrMN9MDDUsRpY9Doiq3aJk,4.168,0.801,0.978
2023-08-14,Canada,CA,,,,,,,ChIJ2WrMN9MDDUsRpY9Doiq3aJk,3.871,0.832,0.702
2023-08-21,Canada,CA,,,,,,,ChIJ2WrMN9MDDUsRpY9Doiq3aJk,4.253,0.875,0.713
2023-08-28,Canada,CA,,,,,,,ChIJ2WrMN9MDDUsRpY9Doiq3aJk,4.281,0.858,0.807
2023-09-04,Canada,CA,,,,,,,ChIJ2WrMN9MDDUsRpY9Doiq3aJk,4.116,0.870,0.735
2023-09-11,Canada,CA,,,,,,,ChIJ2WrMN9MDDUsRpY9Doiq3aJk,6.616,1.315,0.967
2023-09-18,Canada,CA,,,,,,,ChIJ2WrMN9MDDUsRpY9Doiq3aJk,5.457,1.262,0.984
2023-09-25,Canada,CA,,,,,,,ChIJ2WrMN9MDDUsRpY9Doiq3aJk,8.471,2.172,1.495
2023-10-02,Canada,CA,,,,,,,ChIJ2WrMN9MDDUsRpY9Doiq3aJk,10.890,2.929,2.063
2023-10-09,Canada,CA,,,,,,,ChIJ2WrMN9MDDUsRpY9Doiq3aJk,13.750,4.384,3.419
2023-10-16,Canada,CA,,,,,,,ChIJ2WrMN9MDDUsRpY9Doiq3aJk,14.191,4.265,4.135
2021-01-04,Ireland,IE,,,,,,,ChIJ-ydAXOS6WUgRCPTbzjQSfM8,59.158,2.887,8.731
2021-01-11,Ireland,IE,,,,,,,ChIJ-ydAXOS6WUgRCPTbzjQSfM8,57.181,3.162,6.252
2021-01-18,Ireland,IE,,,,,,,ChIJ-ydAXOS6WUgRCPTbzjQSfM8,36.133,2.568,4.408
2021-01-25,Ireland,IE,,,,,,,ChIJ-ydAXOS6WUgRCPTbzjQSfM8,35.085,3.165,3.679
2021-02-01,Ireland,IE,,,,,,,ChIJ-ydAXOS6WUgRCPTbzjQSfM8,29.378,1.616,3.577
2021-02-08,Ireland,IE,,,,,,,ChIJ-ydAXOS6WUgRCPTbzjQSfM8,37.790,3.363,5.242
2021-02-15,Ireland,IE,,,,,,,ChIJ-ydAXOS6WUgRCPTbzjQSfM8,51.317,5.996,8.572
2021-02-22,Ireland,IE,,,,,,,ChIJ-ydAXOS6WUgRCPTbzjQSfM8,51.159,3.908,8.155
2021-03-01,Ireland,IE,,,,,,,ChIJ-ydAXOS6WUgRCPTbzjQSfM8,44.584,4.022,7.371
2021-03-08,Ireland,IE,,,,,,,ChIJ-ydAXOS6WUgRCPTbzjQSfM8,54.508,5.153,8.511
2021-03-15,Ireland,IE,,,,,,,ChIJ-ydAXOS6WUgRCPTbzjQSfM8,43.161,4.794,6.210
2021-03-22,Ireland,IE,,,,,,,ChIJ-ydAXOS6WUgRCPTbzjQSfM8,52.187,8.278,7.553
2021-03-29,Ireland,IE,,,,,,,ChIJ-ydAXOS6WUgRCPTbzjQSfM8,61.981,10.293,8.922
2021-04-05,Ireland,IE,,,,,,,ChIJ-ydAXOS6WUgRCPTbzjQSfM8,63.240,8.939,10.000
2021-04-12,Ireland,IE,,,,,,,ChIJ-ydAXOS6WUgRCPTbzjQSfM8,89.822,29.569,9.322
2021-04-19,Ireland,IE,,,,,,,ChIJ-ydAXOS6WUgRCPTbzjQSfM8,84.462,33.454,12.598
2021-04-26,Ireland,IE,,,,,,,ChIJ-ydAXOS6WUgRCPTbzjQSfM8,94.329,31.771,15.053
2021-05-03,Ireland,IE,,,,,,,ChIJ-ydAXOS6WUgRCPTbzjQSfM8,118.414,51.852,17.096
2021-05-10,Ireland,IE,,,,,,,ChIJ-ydAXOS6WUgRCPTbzjQSfM8,109.555,38.760,19.268
2021-05-17,Ireland,IE,,,,,,,ChIJ-ydAXOS6WUgRCPTbzjQSfM8,130.226,50.053,21.653
2021-05-24,Ireland,IE,,,,,,,ChIJ-ydAXOS6WUgRCPTbzjQSfM8,105.935,37.624,20.193
2021-05-31,Ireland,IE,,,,,,,ChIJ-ydAXOS6WUgRCPTbzjQSfM8,108.065,44.761,18.438
2021-06-07,Ireland,IE,,,,,,,ChIJ-ydAXOS6WUgRCPTbzjQSfM8,92.731,29.410,17.711
2021-06-14,Ireland,IE,,,,,,,ChIJ-ydAXOS6WUgRCPTbzjQSfM8,120.682,52.153,17.414
2021-06-21,Ireland,IE,,,,,,,ChIJ-ydAXOS6WUgRCPTbzjQSfM8,113.678,51.692,18.040
2021-06-28,Ireland,IE,,,,,,,ChIJ-ydAXOS6WUgRCPTbzjQSfM8,143.180,60.870,21.680
2021-07-05,Ireland,IE,,,,,,,ChIJ-ydAXOS6WUgRCPTbzjQSfM8,138.162,64.132,20.816
2021-07-12,Ireland,IE,,,,,,,ChIJ-ydAXOS6WUgRCPTbzjQSfM8,150.264,56.144,20.855
2021-07-19,Ireland,IE,,,,,,,ChIJ-ydAXOS6WUgRCPTbzjQSfM8,139.519,38.820,21.390
2021-07-26,Ireland,IE,,,,,,,ChIJ-ydAXOS6WUgRCPTbzjQSfM8,145.338,39.377,20.428
2021-08-02,Ireland,IE,,,,,,,ChIJ-ydAXOS6WUgRCPTbzjQSfM8,102.189,23.190,16.445
2021-08-09,Ireland,IE,,,,,,,ChIJ-ydAXOS6WUgRCPTbzjQSfM8,103.098,29.822,15.225
2021-08-16,Ireland,IE,,,,,,,ChIJ-ydAXOS6WUgRCPTbzjQSfM8,87.566,20.654,13.079
2021-08-23,Ireland,IE,,,,,,,ChIJ-ydAXOS6WUgRCPTbzjQSfM8,65.551,15.872,9.536
2021-08-30,Ireland,IE,,,,,,,ChIJ-ydAXOS6WUgRCPTbzjQSfM8,64.357,26.754,7.767
2021-09-06,Ireland,IE,,,,,,,ChIJ-ydAXOS6WUgRCPTbzjQSfM8,39.961,9.511,6.206
2021-09-13,Ireland,IE,,,,,,,ChIJ-ydAXOS6WUgRCPTbzjQSfM8,35.315,7.934,5.630
2021-09-20,Ireland,IE,,,,,,,ChIJ-ydAXOS6WUgRCPTbzjQSfM8,29.896,6.392,4.560
2021-09-27,Ireland,IE,,,,,,,ChIJ-ydAXOS6WUgRCPTbzjQSfM8,27.117,5.075,3.052
2021-10-04,Ireland,IE,,,,,,,ChIJ-ydAXOS6WUgRCPTbzjQSfM8,26.871,4.554,3.039
2021-10-11,Ireland,IE,,,,,,,ChIJ-ydAXOS6WUgRCPTbzjQSfM8,29.408,5.160,2.518
2021-10-18,Ireland,IE,,,,,,,ChIJ-ydAXOS6WUgRCPTbzjQSfM8,40.321,7.516,3.032
2021-10-25,Ireland,IE,,,,,,,ChIJ-ydAXOS6WUgRCPTbzjQSfM8,36.454,7.254,3.098
2021-11-01,Ireland,IE,,,,,,,ChIJ-ydAXOS6WUgRCPTbzjQSfM8,39.060,7.647,2.944
2021-11-08,Ireland,IE,,,,,,,ChIJ-ydAXOS6WUgRCPTbzjQSfM8,47.470,8.632,3.620
2021-11-15,Ireland,IE,,,,,,,ChIJ-ydAXOS6WUgRCPTbzjQSfM8,70.328,12.352,5.186
2021-11-22,Ireland,IE,,,,,,,ChIJ-ydAXOS6WUgRCPTbzjQSfM8,71.548,17.569,4.363
2021-11-29,Ireland,IE,,,,,,,ChIJ-ydAXOS6WUgRCPTbzjQSfM8,70.377,17.130,4.488
2021-12-06,Ireland,IE,,,,,,,ChIJ-ydAXOS6WUgRCPTbzjQSfM8,90.230,31.185,4.660
2021-12-13,Ireland,IE,,,,,,,ChIJ-ydAXOS6WUgRCPTbzjQSfM8,132.186,53.613,6.831
2021-12-20,Ireland,IE,,,,,,,ChIJ-ydAXOS6WUgRCPTbzjQSfM8,107.591,36.641,7.681
2021-12-27,Ireland,IE,,,,,,,ChIJ-ydAXOS6WUgRCPTbzjQSfM8,103.549,45.178,5.151
2022-01-03,Ireland,IE,,,,,,,ChIJ-ydAXOS6WUgRCPTbzjQSfM8,106.380,39.504,5.410
2022-01-10,Ireland,IE,,,,,,,ChIJ-ydAXOS6WUgRCPTbzjQSfM8,74.904,17.144,4.394
2022-01-17,Ireland,IE,,,,,,,ChIJ-ydAXOS6WUgRCPTbzjQSfM8,74.175,9.316,2.878
2022-01-24,Ireland,IE,,,,,,,ChIJ-ydAXOS6WUgRCPTbzjQSfM8,37.261,5.601,2.162
2022-01-31,Ireland,IE,,,,,,,ChIJ-ydAXOS6WUgRCPTbzjQSfM8,34.042,5.363,1.910
2022-02-07,Ireland,IE,,,,,,,ChIJ-ydAXOS6WUgRCPTbzjQSfM8,25.940,4.624,1.963
2022-02-14,Ireland,IE,,,,,,,ChIJ-ydAXOS6WUgRCPTbzjQSfM8,22.253,4.314,1.931
2022-02-21,Ireland,IE,,,,,,,ChIJ-ydAXOS6WUgRCPTbzjQSfM8,20.249,5.192,1.383
2022-02-28,Ireland,IE,,,,,,,ChIJ-ydAXOS6WUgRCPTbzjQSfM8,20.247,5.166,1.650
2022-03-07,Ireland,IE,,,,,,,ChIJ-ydAXOS6WUgRCPTbzjQSfM8,19.910,4.986,1.426
2022-03-14,Ireland,IE,,,,,,,ChIJ-ydAXOS6WUgRCPTbzjQSfM8,18.803,4.789,1.236
2022-03-21,Ireland,IE,,,,,,,ChIJ-ydAXOS6WUgRCPTbzjQSfM8,24.007,6.689,1.487
2022-03-28,Ireland,IE,,,,,,,ChIJ-ydAXOS6WUgRCPTbzjQSfM8,21.884,5.941,1.360
2022-04-04,Ireland,IE,,,,,,,ChIJ-ydAXOS6WUgRCPTbzjQSfM8,20.384,4.987,1.211
2022-04-11,Ireland,IE,,,,,,,ChIJ-ydAXOS6WUgRCPTbzjQSfM8,17.448,3.982,1.075
2022-04-18,Ireland,IE,,,,,,,ChIJ-ydAXOS6WUgRCPTbzjQSfM8,24.324,6.265,1.110
2022-04-25,Ireland,IE,,,,,,,ChIJ-ydAXOS6WUgRCPTbzjQSfM8,21.260,5.572,1.164
2022-05-02,Ireland,IE,,,,,,,ChIJ-ydAXOS6WUgRCPTbzjQSfM8,21.943,5.363,1.878
2022-05-09,Ireland,IE,,,,,,,ChIJ-ydAXOS6WUgRCPTbzjQSfM8,21.026,5.415,1.403
2022-05-16,Ireland,IE,,,,,,,ChIJ-ydAXOS6WUgRCPTbzjQSfM8,19.807,5.426,1.223
2022-05-23,Ireland,IE,,,,,,,ChIJ-ydAXOS6WUgRCPTbzjQSfM8,17.996,4.959,1.200
2022-05-30,Ireland,IE,,,,,,,ChIJ-ydAXOS6WUgRCPTbzjQSfM8,15.837,4.211,0.952
2022-06-06,Ireland,IE,,,,,,,ChIJ-ydAXOS6WUgRCPTbzjQSfM8,16.676,4.539,0.969
2022-06-13,Ireland,IE,,,,,,,ChIJ-ydAXOS6WUgRCPTbzjQSfM8,16.426,4.624,0.980
2022-06-20,Ireland,IE,,,,,,,ChIJ-ydAXOS6WUgRCPTbzjQSfM8,17.293,4.877,1.009
2022-06-27,Ireland,IE,,,,,,,ChIJ-ydAXOS6WUgRCPTbzjQSfM8,17.390,4.832,1.005
2022-07-04,Ireland,IE,,,,,,,ChIJ-ydAXOS6WUgRCPTbzjQSfM8,16.000,4.550,0.950
2022-07-11,Ireland,IE,,,,,,,ChIJ-ydAXOS6WUgRCPTbzjQSfM8,12.659,3.164,0.844
2022-07-18,Ireland,IE,,,,,,,ChIJ-ydAXOS6WUgRCPTbzjQSfM8,11.373,2.804,0.777
2022-07-25,Ireland,IE,,,,,,,ChIJ-ydAXOS6WUgRCPTbzjQSfM8,9.893,2.427,0.738
2022-08-01,Ireland,IE,,,,,,,ChIJ-ydAXOS6WUgRCPTbzjQSfM8,9.522,2.052,0.670
2022-08-08,Ireland,IE,,,,,,,ChIJ-ydAXOS6WUgRCPTbzjQSfM8,11.689,3.381,0.616
2022-08-15,Ireland,IE,,,,,,,ChIJ-ydAXOS6WUgRCPTbzjQSfM8,14.753,4.579,0.887
2022-08-22,Ireland,IE,,,,,,,ChIJ-ydAXOS6WUgRCPTbzjQSfM8,15.863,4.882,0.947
2022-08-29,Ireland,IE,,,,,,,ChIJ-ydAXOS6WUgRCPTbzjQSfM8,13.447,4.146,0.842
2022-09-05,Ireland,IE,,,,,,,ChIJ-ydAXOS6WUgRCPTbzjQSfM8,10.392,3.056,0.745
2022-09-12,Ireland,IE,,,,,,,ChIJ-ydAXOS6WUgRCPTbzjQSfM8,10.006,2.388,0.692
2022-09-19,Ireland,IE,,,,,,,ChIJ-ydAXOS6WUgRCPTbzjQSfM8,9.652,2.448,0.628
2022-09-26,Ireland,IE,,,,,,,ChIJ-ydAXOS6WUgRCPTbzjQSfM8,9.910,2.768,0.781
2022-10-03,Ireland,IE,,,,,,,ChIJ-ydAXOS6WUgRCPTbzjQSfM8,15.600,4.836,1.167
2022-10-10,Ireland,IE,,,,,,,ChIJ-ydAXOS6WUgRCPTbzjQSfM8,16.680,4.825,1.212
2022-10-17,Ireland,IE,,,,,,,ChIJ-ydAXOS6WUgRCPTbzjQSfM8,12.924,3.757,1.116
2022-10-24,Ireland,IE,,,,,,,ChIJ-ydAXOS6WUgRCPTbzjQSfM8,11.662,3.372,1.123
2022-10-31,Ireland,IE,,,,,,,ChIJ-ydAXOS6WUgRCPTbzjQSfM8,10.717,3.382,0.958
2022-11-07,Ireland,IE,,,,,,,ChIJ-ydAXOS6WUgRCPTbzjQSfM8,9.460,2.712,0.896
2022-11-14,Ireland,IE,,,,,,,ChIJ-ydAXOS6WUgRCPTbzjQSfM8,8.997,2.622,0.875
2022-11-21,Ireland,IE,,,,,,,ChIJ-ydAXOS6WUgRCPTbzjQSfM8,8.751,2.394,0.833
2022-11-28,Ireland,IE,,,,,,,ChIJ-ydAXOS6WUgRCPTbzjQSfM8,8.442,2.309,0.814
2022-12-05,Ireland,IE,,,,,,,ChIJ-ydAXOS6WUgRCPTbzjQSfM8,8.428,2.436,0.811
2022-12-12,Ireland,IE,,,,,,,ChIJ-ydAXOS6WUgRCPTbzjQSfM8,7.772,2.023,0.785
2022-12-19,Ireland,IE,,,,,,,ChIJ-ydAXOS6WUgRCPTbzjQSfM8,7.587,2.019,0.773
2022-12-26,Ireland,IE,,,,,,,ChIJ-ydAXOS6WUgRCPTbzjQSfM8,17.120,5.516,0.969
2023-01-02,Ireland,IE,,,,,,,ChIJ-ydAXOS6WUgRCPTbzjQSfM8,14.627,4.758,1.211
2023-01-09,Ireland,IE,,,,,,,ChIJ-ydAXOS6WUgRCPTbzjQSfM8,11.680,3.422,1.165
2023-01-16,Ireland,IE,,,,,,,ChIJ-ydAXOS6WUgRCPTbzjQSfM8,8.341,2.250,0.879
2023-01-23,Ireland,IE,,,,,,,ChIJ-ydAXOS6WUgRCPTbzjQSfM8,8.217,1.706,0.743
2023-01-30,Ireland,IE,,,,,,,ChIJ-ydAXOS6WUgRCPTbzjQSfM8,8.972,2.844,0.725
2023-02-06,Ireland,IE,,,,,,,ChIJ-ydAXOS6WUgRCPTbzjQSfM8,6.375,1.760,0.660
2023-02-13,Ireland,IE,,,,,,,ChIJ-ydAXOS6WUgRCPTbzjQSfM8,5.790,1.436,0.591
2023-02-20,Ireland,IE,,,,,,,ChIJ-ydAXOS6WUgRCPTbzjQSfM8,4.890,1.145,0.504
2023-02-27,Ireland,IE,,,,,,,ChIJ-ydAXOS6WUgRCPTbzjQSfM8,4.800,1.074,0.460
2023-03-06,Ireland,IE,,,,,,,ChIJ-ydAXOS6WUgRCPTbzjQSfM8,5.022,1.061,0.449
2023-03-13,Ireland,IE,,,,,,,ChIJ-ydAXOS6WUgRCPTbzjQSfM8,4.244,0.850,0.399
2023-03-20,Ireland,IE,,,,,,,ChIJ-ydAXOS6WUgRCPTbzjQSfM8,4.515,0.935,0.430
2023-03-27,Ireland,IE,,,,,,,ChIJ-ydAXOS6WUgRCPTbzjQSfM8,4.725,0.999,0.423
2023-04-03,Ireland,IE,,,,,,,ChIJ-ydAXOS6WUgRCPTbzjQSfM8,4.152,0.842,0.380
2023-04-10,Ireland,IE,,,,,,,ChIJ-ydAXOS6WUgRCPTbzjQSfM8,4.331,0.805,0.402
2023-04-17,Ireland,IE,,,,,,,ChIJ-ydAXOS6WUgRCPTbzjQSfM8,4.589,0.761,0.442
2023-04-24,Ireland,IE,,,,,,,ChIJ-ydAXOS6WUgRCPTbzjQSfM8,4.842,0.765,0.357
2023-05-01,Ireland,IE,,,,,,,ChIJ-ydAXOS6WUgRCPTbzjQSfM8,5.416,0.876,0.378
2023-05-08,Ireland,IE,,,,,,,ChIJ-ydAXOS6WUgRCPTbzjQSfM8,5.319,1.013,0.373
2023-05-15,Ireland,IE,,,,,,,ChIJ-ydAXOS6WUgRCPTbzjQSfM8,5.430,1.273,0.394
2023-05-22,Ireland,IE,,,,,,,ChIJ-ydAXOS6WUgRCPTbzjQSfM8,6.717,2.083,0.447
2023-05-29,Ireland,IE,,,,,,,ChIJ-ydAXOS6WUgRCPTbzjQSfM8,5.336,1.348,0.542
2023-06-05,Ireland,IE,,,,,,,ChIJ-ydAXOS6WUgRCPTbzjQSfM8,4.495,0.902,0.380
2023-06-12,Ireland,IE,,,,,,,ChIJ-ydAXOS6WUgRCPTbzjQSfM8,4.356,0.768,0.367
2023-06-19,Ireland,IE,,,,,,,ChIJ-ydAXOS6WUgRCPTbzjQSfM8,3.413,0.545,0.305
2023-06-26,Ireland,IE,,,,,,,ChIJ-ydAXOS6WUgRCPTbzjQSfM8,2.912,0.457,0.273
2023-07-03,Ireland,IE,,,,,,,ChIJ-ydAXOS6WUgRCPTbzjQSfM8,2.852,0.399,0.274
2023-07-10,Ireland,IE,,,,,,,ChIJ-ydAXOS6WUgRCPTbzjQSfM8,2.800,0.362,0.260
2023-07-17,Ireland,IE,,,,,,,ChIJ-ydAXOS6WUgRCPTbzjQSfM8,2.685,0.344,0.271
2023-07-24,Ireland,IE,,,,,,,ChIJ-ydAXOS6WUgRCPTbzjQSfM8,2.882,0.369,0.313
2023-07-31,Ireland,IE,,,,,,,ChIJ-ydAXOS6WUgRCPTbzjQSfM8,2.993,0.438,0.261
2023-08-07,Ireland,IE,,,,,,,ChIJ-ydAXOS6WUgRCPTbzjQSfM8,3.713,0.519,0.319
2023-08-14,Ireland,IE,,,,,,,ChIJ-ydAXOS6WUgRCPTbzjQSfM8,3.159,0.454,0.259
2023-08-21,Ireland,IE,,,,,,,ChIJ-ydAXOS6WUgRCPTbzjQSfM8,3.405,0.457,0.269
2023-08-28,Ireland,IE,,,,,,,ChIJ-ydAXOS6WUgRCPTbzjQSfM8,3.446,0.423,0.261
2023-09-04,Ireland,IE,,,,,,,ChIJ-ydAXOS6WUgRCPTbzjQSfM8,3.140,0.403,0.236
2023-09-11,Ireland,IE,,,,,,,ChIJ-ydAXOS6WUgRCPTbzjQSfM8,4.123,0.483,0.358
2023-09-18,Ireland,IE,,,,,,,ChIJ-ydAXOS6WUgRCPTbzjQSfM8,4.668,0.617,0.433
2023-09-25,Ireland,IE,,,,,,,ChIJ-ydAXOS6WUgRCPTbzjQSfM8,6.252,0.829,0.621
2023-10-02,Ireland,IE,,,,,,,ChIJ-ydAXOS6WUgRCPTbzjQSfM8,9.268,1.514,0.946
2023-10-09,Ireland,IE,,,,,,,ChIJ-ydAXOS6WUgRCPTbzjQSfM8,7.052,1.251,0.816
2023-10-16,Ireland,IE,,,,,,,ChIJ-ydAXOS6WUgRCPTbzjQSfM8,7.120,1.032,0.840
2021-01-04,Australia,AU,,,,,,,ChIJ38WHZwf9KysRUhNblaFnglM,14.715,4.173,1.494
2021-01-11,Australia,AU,,,,,,,ChIJ38WHZwf9KysRUhNblaFnglM,12.916,3.738,1.136
2021-01-18,Australia,AU,,,,,,,ChIJ38WHZwf9KysRUhNblaFnglM,9.884,2.936,0.831
2021-01-25,Australia,AU,,,,,,,ChIJ38WHZwf9KysRUhNblaFnglM,10.803,3.220,0.826
2021-02-01,Australia,AU,,,,,,,ChIJ38WHZwf9KysRUhNblaFnglM,10.232,3.317,0.779
2021-02-08,Australia,AU,,,,,,,ChIJ38WHZwf9KysRUhNblaFnglM,13.248,3.874,1.459
2021-02-15,Australia,AU,,,,,,,ChIJ38WHZwf9KysRUhNblaFnglM,25.297,7.587,3.667
2021-02-22,Australia,AU,,,,,,,ChIJ38WHZwf9KysRUhNblaFnglM,21.446,6.475,2.705
2021-03-01,Australia,AU,,,,,,,ChIJ38WHZwf9KysRUhNblaFnglM,17.851,5.935,2.236
2021-03-08,Australia,AU,,,,,,,ChIJ38WHZwf9KysRUhNblaFnglM,20.094,8.133,2.667
2021-03-15,Australia,AU,,,,,,,ChIJ38WHZwf9KysRUhNblaFnglM,32.629,17.317,3.246
2021-03-22,Australia,AU,,,,,,,ChIJ38WHZwf9KysRUhNblaFnglM,23.475,11.974,3.245
2021-03-29,Australia,AU,,,,,,,ChIJ38WHZwf9KysRUhNblaFnglM,26.546,13.639,4.062
2021-04-05,Australia,AU,,,,,,,ChIJ38WHZwf9KysRUhNblaFnglM,30.000,10.718,4.361
2021-04-12,Australia,AU,,,,,,,ChIJ38WHZwf9KysRUhNblaFnglM,23.029,7.210,3.377
2021-04-19,Australia,AU,,,,,,,ChIJ38WHZwf9KysRUhNblaFnglM,22.308,8.894,4.345
2021-04-26,Australia,AU,,,,,,,ChIJ38WHZwf9KysRUhNblaFnglM,25.063,10.916,3.950
2021-05-03,Australia,AU,,,,,,,ChIJ38WHZwf9KysRUhNblaFnglM,29.294,14.198,5.052
2021-05-10,Australia,AU,,,,,,,ChIJ38WHZwf9KysRUhNblaFnglM,30.234,13.589,5.860
2021-05-17,Australia,AU,,,,,,,ChIJ38WHZwf9KysRUhNblaFnglM,35.738,15.702,6.024
2021-05-24,Australia,AU,,,,,,,ChIJ38WHZwf9KysRUhNblaFnglM,65.809,33.791,9.457
2021-05-31,Australia,AU,,,,,,,ChIJ38WHZwf9KysRUhNblaFnglM,56.307,28.372,8.322
2021-06-07,Australia,AU,,,,,,,ChIJ38WHZwf9KysRUhNblaFnglM,47.010,20.771,7.203
2021-06-14,Australia,AU,,,,,,,ChIJ38WHZwf9KysRUhNblaFnglM,50.254,22.238,7.630
2021-06-21,Australia,AU,,,,,,,ChIJ38WHZwf9KysRUhNblaFnglM,56.302,25.341,7.535
2021-06-28,Australia,AU,,,,,,,ChIJ38WHZwf9KysRUhNblaFnglM,86.513,39.561,10.120
2021-07-05,Australia,AU,,,,,,,ChIJ38WHZwf9KysRUhNblaFnglM,70.295,32.871,8.771
2021-07-12,Australia,AU,,,,,,,ChIJ38WHZwf9KysRUhNblaFnglM,73.381,34.080,8.622
2021-07-19,Australia,AU,,,,,,,ChIJ38WHZwf9KysRUhNblaFnglM,92.904,43.645,10.293
2021-07-26,Australia,AU,,,,,,,ChIJ38WHZwf9KysRUhNblaFnglM,95.359,44.471,11.556
2021-08-02,Australia,AU,,,,,,,ChIJ38WHZwf9KysRUhNblaFnglM,148.424,70.721,16.052
2021-08-09,Australia,AU,,,,,,,ChIJ38WHZwf9KysRUhNblaFnglM,138.927,65.539,19.124
2021-08-16,Australia,AU,,,,,,,ChIJ38WHZwf9KysRUhNblaFnglM,148.418,74.513,18.145
2021-08-23,Australia,AU,,,,,,,ChIJ38WHZwf9KysRUhNblaFnglM,156.240,78.779,18.328
2021-08-30,Australia,AU,,,,,,,ChIJ38WHZwf9KysRUhNblaFnglM,136.726,66.110,18.782
2021-09-06,Australia,AU,,,,,,,ChIJ38WHZwf9KysRUhNblaFnglM,138.278,67.985,18.525
2021-09-13,Australia,AU,,,,,,,ChIJ38WHZwf9KysRUhNblaFnglM,124.906,59.752,18.812
2021-09-20,Australia,AU,,,,,,,ChIJ38WHZwf9KysRUhNblaFnglM,106.556,46.072,18.126
2021-09-27,Australia,AU,,,,,,,ChIJ38WHZwf9KysRUhNblaFnglM,117.417,54.699,13.935
2021-10-04,Australia,AU,,,,,,,ChIJ38WHZwf9KysRUhNblaFnglM,125.570,57.039,11.543
2021-10-11,Australia,AU,,,,,,,ChIJ38WHZwf9KysRUhNblaFnglM,126.327,56.767,10.187
2021-10-18,Australia,AU,,,,,,,ChIJ38WHZwf9KysRUhNblaFnglM,114.802,52.319,9.401
2021-10-25,Australia,AU,,,,,,,ChIJ38WHZwf9KysRUhNblaFnglM,97.233,45.470,7.824
2021-11-01,Australia,AU,,,,,,,ChIJ38WHZwf9KysRUhNblaFnglM,77.806,38.750,6.337
2021-11-08,Australia,AU,,,,,,,ChIJ38WHZwf9KysRUhNblaFnglM,88.059,39.930,6.970
2021-11-15,Australia,AU,,,,,,,ChIJ38WHZwf9KysRUhNblaFnglM,77.989,35.992,6.194
2021-11-22,Australia,AU,,,,,,,ChIJ38WHZwf9KysRUhNblaFnglM,68.655,31.381,4.379
2021-11-29,Australia,AU,,,,,,,ChIJ38WHZwf9KysRUhNblaFnglM,60.104,28.281,3.779
2021-12-06,Australia,AU,,,,,,,ChIJ38WHZwf9KysRUhNblaFnglM,65.873,34.141,3.726
2021-12-13,Australia,AU,,,,,,,ChIJ38WHZwf9KysRUhNblaFnglM,93.051,52.534,4.268
2021-12-20,Australia,AU,,,,,,,ChIJ38WHZwf9KysRUhNblaFnglM,81.695,52.268,3.467
2021-12-27,Australia,AU,,,,,,,ChIJ38WHZwf9KysRUhNblaFnglM,79.062,51.470,3.337
2022-01-03,Australia,AU,,,,,,,ChIJ38WHZwf9KysRUhNblaFnglM,122.357,78.612,5.921
2022-01-10,Australia,AU,,,,,,,ChIJ38WHZwf9KysRUhNblaFnglM,102.586,59.635,6.855
2022-01-17,Australia,AU,,,,,,,ChIJ38WHZwf9KysRUhNblaFnglM,93.335,55.395,5.808
2022-01-24,Australia,AU,,,,,,,ChIJ38WHZwf9KysRUhNblaFnglM,61.369,35.307,4.525
2022-01-31,Australia,AU,,,,,,,ChIJ38WHZwf9KysRUhNblaFnglM,51.817,28.687,4.471
2022-02-07,Australia,AU,,,,,,,ChIJ38WHZwf9KysRUhNblaFnglM,44.874,25.258,4.313
2022-02-14,Australia,AU,,,,,,,ChIJ38WHZwf9KysRUhNblaFnglM,37.128,21.454,3.562
2022-02-21,Australia,AU,,,,,,,ChIJ38WHZwf9KysRUhNblaFnglM,28.612,16.244,2.865
2022-02-28,Australia,AU,,,,,,,ChIJ38WHZwf9KysRUhNblaFnglM,27.623,14.701,2.708
2022-03-07,Australia,AU,,,,,,,ChIJ38WHZwf9KysRUhNblaFnglM,28.146,15.058,2.839
2022-03-14,Australia,AU,,,,,,,ChIJ38WHZwf9KysRUhNblaFnglM,26.479,14.580,2.336
2022-03-21,Australia,AU,,,,,,,ChIJ38WHZwf9KysRUhNblaFnglM,26.670,14.708,2.287
2022-03-28,Australia,AU,,,,,,,ChIJ38WHZwf9KysRUhNblaFnglM,23.429,12.894,1.977
2022-04-04,Australia,AU,,,,,,,ChIJ38WHZwf9KysRUhNblaFnglM,24.766,13.719,1.839
2022-04-11,Australia,AU,,,,,,,ChIJ38WHZwf9KysRUhNblaFnglM,19.329,10.473,1.541
2022-04-18,Australia,AU,,,,,,,ChIJ38WHZwf9KysRUhNblaFnglM,19.886,11.223,1.442
2022-04-25,Australia,AU,,,,,,,ChIJ38WHZwf9KysRUhNblaFnglM,18.157,10.413,1.367
2022-05-02,Australia,AU,,,,,,,ChIJ38WHZwf9KysRUhNblaFnglM,17.016,9.322,1.362
2022-05-09,Australia,AU,,,,,,,ChIJ38WHZwf9KysRUhNblaFnglM,16.247,9.057,1.251
2022-05-16,Australia,AU,,,,,,,ChIJ38WHZwf9KysRUhNblaFnglM,15.284,8.375,1.170
2022-05-23,Australia,AU,,,,,,,ChIJ38WHZwf9KysRUhNblaFnglM,16.125,9.152,1.147
2022-05-30,Australia,AU,,,,,,,ChIJ38WHZwf9KysRUhNblaFnglM,14.725,8.412,1.060
2022-06-06,Australia,AU,,,,,,,ChIJ38WHZwf9KysRUhNblaFnglM,12.979,6.952,1.002
2022-06-13,Australia,AU,,,,,,,ChIJ38WHZwf9KysRUhNblaFnglM,13.750,7.586,0.946
2022-06-20,Australia,AU,,,,,,,ChIJ38WHZwf9KysRUhNblaFnglM,13.193,7.221,0.895
2022-06-27,Australia,AU,,,,,,,ChIJ38WHZwf9KysRUhNblaFnglM,12.734,7.001,0.839
2022-07-04,Australia,AU,,,,,,,ChIJ38WHZwf9KysRUhNblaFnglM,24.735,16.202,1.254
2022-07-11,Australia,AU,,,,,,,ChIJ38WHZwf9KysRUhNblaFnglM,27.248,18.089,2.055
2022-07-18,Australia,AU,,,,,,,ChIJ38WHZwf9KysRUhNblaFnglM,20.323,12.618,1.853
2022-07-25,Australia,AU,,,,,,,ChIJ38WHZwf9KysRUhNblaFnglM,14.138,8.131,1.387
2022-08-01,Australia,AU,,,,,,,ChIJ38WHZwf9KysRUhNblaFnglM,11.728,6.314,1.386
2022-08-08,Australia,AU,,,,,,,ChIJ38WHZwf9KysRUhNblaFnglM,9.838,5.296,0.891
2022-08-15,Australia,AU,,,,,,,ChIJ38WHZwf9KysRUhNblaFnglM,8.938,4.661,0.780
2022-08-22,Australia,AU,,,,,,,ChIJ38WHZwf9KysRUhNblaFnglM,8.725,4.542,0.671
2022-08-29,Australia,AU,,,,,,,ChIJ38WHZwf9KysRUhNblaFnglM,8.203,4.400,0.607
2022-09-05,Australia,AU,,,,,,,ChIJ38WHZwf9KysRUhNblaFnglM,7.272,3.814,0.533
2022-09-12,Australia,AU,,,,,,,ChIJ38WHZwf9KysRUhNblaFnglM,7.452,3.864,0.518
2022-09-19,Australia,AU,,,,,,,ChIJ38WHZwf9KysRUhNblaFnglM,6.657,3.490,0.465
2022-09-26,Australia,AU,,,,,,,ChIJ38WHZwf9KysRUhNblaFnglM,7.149,3.739,0.544
2022-10-03,Australia,AU,,,,,,,ChIJ38WHZwf9KysRUhNblaFnglM,7.785,4.107,0.517
2022-10-10,Australia,AU,,,,,,,ChIJ38WHZwf9KysRUhNblaFnglM,9.251,4.423,0.622
2022-10-17,Australia,AU,,,,,,,ChIJ38WHZwf9KysRUhNblaFnglM,7.392,3.666,0.561
2022-10-24,Australia,AU,,,,,,,ChIJ38WHZwf9KysRUhNblaFnglM,7.492,3.694,0.625
2022-10-31,Australia,AU,,,,,,,ChIJ38WHZwf9KysRUhNblaFnglM,8.535,4.656,0.543
2022-11-07,Australia,AU,,,,,,,ChIJ38WHZwf9KysRUhNblaFnglM,10.946,6.371,0.654
2022-11-14,Australia,AU,,,,,,,ChIJ38WHZwf9KysRUhNblaFnglM,9.567,5.181,0.670
2022-11-21,Australia,AU,,,,,,,ChIJ38WHZwf9KysRUhNblaFnglM,7.542,3.872,0.567
2022-11-28,Australia,AU,,,,,,,ChIJ38WHZwf9KysRUhNblaFnglM,7.531,3.869,0.566
2022-12-05,Australia,AU,,,,,,,ChIJ38WHZwf9KysRUhNblaFnglM,7.735,3.978,0.595
2022-12-12,Australia,AU,,,,,,,ChIJ38WHZwf9KysRUhNblaFnglM,7.243,3.629,0.559
2022-12-19,Australia,AU,,,,,,,ChIJ38WHZwf9KysRUhNblaFnglM,7.493,3.963,0.650
2022-12-26,Australia,AU,,,,,,,ChIJ38WHZwf9KysRUhNblaFnglM,6.734,3.457,0.502
2023-01-02,Australia,AU,,,,,,,ChIJ38WHZwf9KysRUhNblaFnglM,8.411,4.462,0.566
2023-01-09,Australia,AU,,,,,,,ChIJ38WHZwf9KysRUhNblaFnglM,7.739,3.903,0.641
2023-01-16,Australia,AU,,,,,,,ChIJ38WHZwf9KysRUhNblaFnglM,6.786,3.315,0.550
2023-01-23,Australia,AU,,,,,,,ChIJ38WHZwf9KysRUhNblaFnglM,7.513,3.617,0.508
2023-01-30,Australia,AU,,,,,,,ChIJ38WHZwf9KysRUhNblaFnglM,6.593,3.195,0.481
2023-02-06,Australia,AU,,,,,,,ChIJ38WHZwf9KysRUhNblaFnglM,9.008,4.717,0.544
2023-02-13,Australia,AU,,,,,,,ChIJ38WHZwf9KysRUhNblaFnglM,7.756,4.348,0.504
2023-02-20,Australia,AU,,,,,,,ChIJ38WHZwf9KysRUhNblaFnglM,7.566,4.317,0.544
2023-02-27,Australia,AU,,,,,,,ChIJ38WHZwf9KysRUhNblaFnglM,7.066,3.914,0.538
2023-03-06,Australia,AU,,,,,,,ChIJ38WHZwf9KysRUhNblaFnglM,7.201,4.051,0.560
2023-03-13,Australia,AU,,,,,,,ChIJ38WHZwf9KysRUhNblaFnglM,7.096,4.029,0.571
2023-03-20,Australia,AU,,,,,,,ChIJ38WHZwf9KysRUhNblaFnglM,6.813,3.781,0.587
2023-03-27,Australia,AU,,,,,,,ChIJ38WHZwf9KysRUhNblaFnglM,7.118,4.011,0.590
2023-04-03,Australia,AU,,,,,,,ChIJ38WHZwf9KysRUhNblaFnglM,7.312,4.090,0.594
2023-04-10,Australia,AU,,,,,,,ChIJ38WHZwf9KysRUhNblaFnglM,8.821,5.300,0.724
2023-04-17,Australia,AU,,,,,,,ChIJ38WHZwf9KysRUhNblaFnglM,8.126,4.652,0.717
2023-04-24,Australia,AU,,,,,,,ChIJ38WHZwf9KysRUhNblaFnglM,7.337,3.928,0.613
2023-05-01,Australia,AU,,,,,,,ChIJ38WHZwf9KysRUhNblaFnglM,7.247,3.698,0.611
2023-05-08,Australia,AU,,,,,,,ChIJ38WHZwf9KysRUhNblaFnglM,7.243,3.429,0.691
2023-05-15,Australia,AU,,,,,,,ChIJ38WHZwf9KysRUhNblaFnglM,6.670,3.346,0.579
2023-05-22,Australia,AU,,,,,,,ChIJ38WHZwf9KysRUhNblaFnglM,6.651,3.332,0.631
2023-05-29,Australia,AU,,,,,,,ChIJ38WHZwf9KysRUhNblaFnglM,6.437,3.304,0.616
2023-06-05,Australia,AU,,,,,,,ChIJ38WHZwf9KysRUhNblaFnglM,6.251,3.316,0.531
2023-06-12,Australia,AU,,,,,,,ChIJ38WHZwf9KysRUhNblaFnglM,5.824,2.998,0.464
2023-06-19,Australia,AU,,,,,,,ChIJ38WHZwf9KysRUhNblaFnglM,5.254,2.499,0.429
2023-06-26,Australia,AU,,,,,,,ChIJ38WHZwf9KysRUhNblaFnglM,4.451,2.107,0.421
2023-07-03,Australia,AU,,,,,,,ChIJ38WHZwf9KysRUhNblaFnglM,4.174,1.973,0.367
2023-07-10,Australia,AU,,,,,,,ChIJ38WHZwf9KysRUhNblaFnglM,4.058,1.892,0.368
2023-07-17,Australia,AU,,,,,,,ChIJ38WHZwf9KysRUhNblaFnglM,3.759,1.730,0.350
2023-07-24,Australia,AU,,,,,,,ChIJ38WHZwf9KysRUhNblaFnglM,3.886,1.692,0.383
2023-07-31,Australia,AU,,,,,,,ChIJ38WHZwf9KysRUhNblaFnglM,3.643,1.556,0.338
2023-08-07,Australia,AU,,,,,,,ChIJ38WHZwf9KysRUhNblaFnglM,3.788,1.639,0.430
2023-08-14,Australia,AU,,,,,,,ChIJ38WHZwf9KysRUhNblaFnglM,3.338,1.484,0.280
2023-08-21,Australia,AU,,,,,,,ChIJ38WHZwf9KysRUhNblaFnglM,3.463,1.574,0.280
2023-08-28,Australia,AU,,,,,,,ChIJ38WHZwf9KysRUhNblaFnglM,3.464,1.506,0.260
2023-09-04,Australia,AU,,,,,,,ChIJ38WHZwf9KysRUhNblaFnglM,3.145,1.383,0.250
2023-09-11,Australia,AU,,,,,,,ChIJ38WHZwf9KysRUhNblaFnglM,3.530,1.394,0.248
2023-09-18,Australia,AU,,,,,,,ChIJ38WHZwf9KysRUhNblaFnglM,3.143,1.433,0.244
2023-09-25,Australia,AU,,,,,,,ChIJ38WHZwf9KysRUhNblaFnglM,3.136,1.473,0.252
2023-10-02,Australia,AU,,,,,,,ChIJ38WHZwf9KysRUhNblaFnglM,3.432,1.449,0.262
2023-10-09,Australia,AU,,,,,,,ChIJ38WHZwf9KysRUhNblaFnglM,2.937,1.254,0.232
2023-10-16,Australia,AU,,,,,,,ChIJ38WHZwf9KysRUhNblaFnglM,2.889,1.230,0.241
